,peak_index,population,intensity,channel,file_name
0,29,1141474,4028.28125,0,./image_sets/Yuang-MDA-MB-231-Cells-HighSNR/channels\1bf24fd2-3346-429c-8774-e86157f3af2f_processed_image_0.png
1,54,349,7500.9375,0,./image_sets/Yuang-MDA-MB-231-Cells-HighSNR/channels\1bf24fd2-3346-429c-8774-e86157f3af2f_processed_image_0.png
2,65,71,9028.90625,0,./image_sets/Yuang-MDA-MB-231-Cells-HighSNR/channels\1bf24fd2-3346-429c-8774-e86157f3af2f_processed_image_0.png
3,68,47,9445.625,0,./image_sets/Yuang-MDA-MB-231-Cells-HighSNR/channels\1bf24fd2-3346-429c-8774-e86157f3af2f_processed_image_0.png
4,70,44,9723.4375,0,./image_sets/Yuang-MDA-MB-231-Cells-HighSNR/channels\1bf24fd2-3346-429c-8774-e86157f3af2f_processed_image_0.png
5,74,28,10279.0625,0,./image_sets/Yuang-MDA-MB-231-Cells-HighSNR/channels\1bf24fd2-3346-429c-8774-e86157f3af2f_processed_image_0.png
6,80,21,11112.5,0,./image_sets/Yuang-MDA-MB-231-Cells-HighSNR/channels\1bf24fd2-3346-429c-8774-e86157f3af2f_processed_image_0.png
7,82,20,11390.3125,0,./image_sets/Yuang-MDA-MB-231-Cells-HighSNR/channels\1bf24fd2-3346-429c-8774-e86157f3af2f_processed_image_0.png
8,85,20,11807.03125,0,./image_sets/Yuang-MDA-MB-231-Cells-HighSNR/channels\1bf24fd2-3346-429c-8774-e86157f3af2f_processed_image_0.png
9,91,4,12640.46875,0,./image_sets/Yuang-MDA-MB-231-Cells-HighSNR/channels\1bf24fd2-3346-429c-8774-e86157f3af2f_processed_image_0.png
10,94,3,13057.1875,0,./image_sets/Yuang-MDA-MB-231-Cells-HighSNR/channels\1bf24fd2-3346-429c-8774-e86157f3af2f_processed_image_0.png
11,99,3,13751.71875,0,./image_sets/Yuang-MDA-MB-231-Cells-HighSNR/channels\1bf24fd2-3346-429c-8774-e86157f3af2f_processed_image_0.png
12,102,3,14168.4375,0,./image_sets/Yuang-MDA-MB-231-Cells-HighSNR/channels\1bf24fd2-3346-429c-8774-e86157f3af2f_processed_image_0.png
13,105,2,14585.15625,0,./image_sets/Yuang-MDA-MB-231-Cells-HighSNR/channels\1bf24fd2-3346-429c-8774-e86157f3af2f_processed_image_0.png
14,111,4,15418.59375,0,./image_sets/Yuang-MDA-MB-231-Cells-HighSNR/channels\1bf24fd2-3346-429c-8774-e86157f3af2f_processed_image_0.png
15,121,2,16807.65625,0,./image_sets/Yuang-MDA-MB-231-Cells-HighSNR/channels\1bf24fd2-3346-429c-8774-e86157f3af2f_processed_image_0.png
16,124,3,17224.375,0,./image_sets/Yuang-MDA-MB-231-Cells-HighSNR/channels\1bf24fd2-3346-429c-8774-e86157f3af2f_processed_image_0.png
17,126,1,17502.1875,0,./image_sets/Yuang-MDA-MB-231-Cells-HighSNR/channels\1bf24fd2-3346-429c-8774-e86157f3af2f_processed_image_0.png
18,131,3,18196.71875,0,./image_sets/Yuang-MDA-MB-231-Cells-HighSNR/channels\1bf24fd2-3346-429c-8774-e86157f3af2f_processed_image_0.png
19,134,2,18613.4375,0,./image_sets/Yuang-MDA-MB-231-Cells-HighSNR/channels\1bf24fd2-3346-429c-8774-e86157f3af2f_processed_image_0.png
20,148,2,20558.125,0,./image_sets/Yuang-MDA-MB-231-Cells-HighSNR/channels\1bf24fd2-3346-429c-8774-e86157f3af2f_processed_image_0.png
21,152,1,21113.75,0,./image_sets/Yuang-MDA-MB-231-Cells-HighSNR/channels\1bf24fd2-3346-429c-8774-e86157f3af2f_processed_image_0.png
22,155,1,21530.46875,0,./image_sets/Yuang-MDA-MB-231-Cells-HighSNR/channels\1bf24fd2-3346-429c-8774-e86157f3af2f_processed_image_0.png
23,164,2,22780.625,0,./image_sets/Yuang-MDA-MB-231-Cells-HighSNR/channels\1bf24fd2-3346-429c-8774-e86157f3af2f_processed_image_0.png
24,173,1,24030.78125,0,./image_sets/Yuang-MDA-MB-231-Cells-HighSNR/channels\1bf24fd2-3346-429c-8774-e86157f3af2f_processed_image_0.png
25,178,2,24725.3125,0,./image_sets/Yuang-MDA-MB-231-Cells-HighSNR/channels\1bf24fd2-3346-429c-8774-e86157f3af2f_processed_image_0.png
26,184,1,25558.75,0,./image_sets/Yuang-MDA-MB-231-Cells-HighSNR/channels\1bf24fd2-3346-429c-8774-e86157f3af2f_processed_image_0.png
27,187,2,25975.46875,0,./image_sets/Yuang-MDA-MB-231-Cells-HighSNR/channels\1bf24fd2-3346-429c-8774-e86157f3af2f_processed_image_0.png
28,194,1,26947.8125,0,./image_sets/Yuang-MDA-MB-231-Cells-HighSNR/channels\1bf24fd2-3346-429c-8774-e86157f3af2f_processed_image_0.png
29,196,1,27225.625,0,./image_sets/Yuang-MDA-MB-231-Cells-HighSNR/channels\1bf24fd2-3346-429c-8774-e86157f3af2f_processed_image_0.png
30,205,1,28475.78125,0,./image_sets/Yuang-MDA-MB-231-Cells-HighSNR/channels\1bf24fd2-3346-429c-8774-e86157f3af2f_processed_image_0.png
31,218,1,30281.5625,0,./image_sets/Yuang-MDA-MB-231-Cells-HighSNR/channels\1bf24fd2-3346-429c-8774-e86157f3af2f_processed_image_0.png
32,226,2,31392.8125,0,./image_sets/Yuang-MDA-MB-231-Cells-HighSNR/channels\1bf24fd2-3346-429c-8774-e86157f3af2f_processed_image_0.png
33,229,3,31809.53125,0,./image_sets/Yuang-MDA-MB-231-Cells-HighSNR/channels\1bf24fd2-3346-429c-8774-e86157f3af2f_processed_image_0.png
34,236,1,32781.875,0,./image_sets/Yuang-MDA-MB-231-Cells-HighSNR/channels\1bf24fd2-3346-429c-8774-e86157f3af2f_processed_image_0.png
35,242,2,33615.3125,0,./image_sets/Yuang-MDA-MB-231-Cells-HighSNR/channels\1bf24fd2-3346-429c-8774-e86157f3af2f_processed_image_0.png
36,252,1,35004.375,0,./image_sets/Yuang-MDA-MB-231-Cells-HighSNR/channels\1bf24fd2-3346-429c-8774-e86157f3af2f_processed_image_0.png
37,23,1330510,4126.34375,1,./image_sets/Yuang-MDA-MB-231-Cells-HighSNR/channels\1bf24fd2-3346-429c-8774-e86157f3af2f_processed_image_1.png
38,64,99,11482.0,1,./image_sets/Yuang-MDA-MB-231-Cells-HighSNR/channels\1bf24fd2-3346-429c-8774-e86157f3af2f_processed_image_1.png
39,67,76,12020.21875,1,./image_sets/Yuang-MDA-MB-231-Cells-HighSNR/channels\1bf24fd2-3346-429c-8774-e86157f3af2f_processed_image_1.png
40,72,47,12917.25,1,./image_sets/Yuang-MDA-MB-231-Cells-HighSNR/channels\1bf24fd2-3346-429c-8774-e86157f3af2f_processed_image_1.png
41,74,45,13276.0625,1,./image_sets/Yuang-MDA-MB-231-Cells-HighSNR/channels\1bf24fd2-3346-429c-8774-e86157f3af2f_processed_image_1.png
42,79,25,14173.09375,1,./image_sets/Yuang-MDA-MB-231-Cells-HighSNR/channels\1bf24fd2-3346-429c-8774-e86157f3af2f_processed_image_1.png
43,81,29,14531.90625,1,./image_sets/Yuang-MDA-MB-231-Cells-HighSNR/channels\1bf24fd2-3346-429c-8774-e86157f3af2f_processed_image_1.png
44,83,20,14890.71875,1,./image_sets/Yuang-MDA-MB-231-Cells-HighSNR/channels\1bf24fd2-3346-429c-8774-e86157f3af2f_processed_image_1.png
45,85,22,15249.53125,1,./image_sets/Yuang-MDA-MB-231-Cells-HighSNR/channels\1bf24fd2-3346-429c-8774-e86157f3af2f_processed_image_1.png
46,90,13,16146.5625,1,./image_sets/Yuang-MDA-MB-231-Cells-HighSNR/channels\1bf24fd2-3346-429c-8774-e86157f3af2f_processed_image_1.png
47,92,12,16505.375,1,./image_sets/Yuang-MDA-MB-231-Cells-HighSNR/channels\1bf24fd2-3346-429c-8774-e86157f3af2f_processed_image_1.png
48,96,9,17223.0,1,./image_sets/Yuang-MDA-MB-231-Cells-HighSNR/channels\1bf24fd2-3346-429c-8774-e86157f3af2f_processed_image_1.png
49,100,10,17940.625,1,./image_sets/Yuang-MDA-MB-231-Cells-HighSNR/channels\1bf24fd2-3346-429c-8774-e86157f3af2f_processed_image_1.png
50,104,7,18658.25,1,./image_sets/Yuang-MDA-MB-231-Cells-HighSNR/channels\1bf24fd2-3346-429c-8774-e86157f3af2f_processed_image_1.png
51,111,5,19914.09375,1,./image_sets/Yuang-MDA-MB-231-Cells-HighSNR/channels\1bf24fd2-3346-429c-8774-e86157f3af2f_processed_image_1.png
52,113,5,20272.90625,1,./image_sets/Yuang-MDA-MB-231-Cells-HighSNR/channels\1bf24fd2-3346-429c-8774-e86157f3af2f_processed_image_1.png
53,118,4,21169.9375,1,./image_sets/Yuang-MDA-MB-231-Cells-HighSNR/channels\1bf24fd2-3346-429c-8774-e86157f3af2f_processed_image_1.png
54,123,2,22066.96875,1,./image_sets/Yuang-MDA-MB-231-Cells-HighSNR/channels\1bf24fd2-3346-429c-8774-e86157f3af2f_processed_image_1.png
55,126,4,22605.1875,1,./image_sets/Yuang-MDA-MB-231-Cells-HighSNR/channels\1bf24fd2-3346-429c-8774-e86157f3af2f_processed_image_1.png
56,128,3,22964.0,1,./image_sets/Yuang-MDA-MB-231-Cells-HighSNR/channels\1bf24fd2-3346-429c-8774-e86157f3af2f_processed_image_1.png
57,130,2,23322.8125,1,./image_sets/Yuang-MDA-MB-231-Cells-HighSNR/channels\1bf24fd2-3346-429c-8774-e86157f3af2f_processed_image_1.png
58,134,3,24040.4375,1,./image_sets/Yuang-MDA-MB-231-Cells-HighSNR/channels\1bf24fd2-3346-429c-8774-e86157f3af2f_processed_image_1.png
59,139,2,24937.46875,1,./image_sets/Yuang-MDA-MB-231-Cells-HighSNR/channels\1bf24fd2-3346-429c-8774-e86157f3af2f_processed_image_1.png
60,144,1,25834.5,1,./image_sets/Yuang-MDA-MB-231-Cells-HighSNR/channels\1bf24fd2-3346-429c-8774-e86157f3af2f_processed_image_1.png
61,146,1,26193.3125,1,./image_sets/Yuang-MDA-MB-231-Cells-HighSNR/channels\1bf24fd2-3346-429c-8774-e86157f3af2f_processed_image_1.png
62,155,2,27807.96875,1,./image_sets/Yuang-MDA-MB-231-Cells-HighSNR/channels\1bf24fd2-3346-429c-8774-e86157f3af2f_processed_image_1.png
63,160,1,28705.0,1,./image_sets/Yuang-MDA-MB-231-Cells-HighSNR/channels\1bf24fd2-3346-429c-8774-e86157f3af2f_processed_image_1.png
64,162,1,29063.8125,1,./image_sets/Yuang-MDA-MB-231-Cells-HighSNR/channels\1bf24fd2-3346-429c-8774-e86157f3af2f_processed_image_1.png
65,174,2,31216.6875,1,./image_sets/Yuang-MDA-MB-231-Cells-HighSNR/channels\1bf24fd2-3346-429c-8774-e86157f3af2f_processed_image_1.png
66,183,2,32831.34375,1,./image_sets/Yuang-MDA-MB-231-Cells-HighSNR/channels\1bf24fd2-3346-429c-8774-e86157f3af2f_processed_image_1.png
67,185,2,33190.15625,1,./image_sets/Yuang-MDA-MB-231-Cells-HighSNR/channels\1bf24fd2-3346-429c-8774-e86157f3af2f_processed_image_1.png
68,191,2,34266.59375,1,./image_sets/Yuang-MDA-MB-231-Cells-HighSNR/channels\1bf24fd2-3346-429c-8774-e86157f3af2f_processed_image_1.png
69,194,3,34804.8125,1,./image_sets/Yuang-MDA-MB-231-Cells-HighSNR/channels\1bf24fd2-3346-429c-8774-e86157f3af2f_processed_image_1.png
70,198,1,35522.4375,1,./image_sets/Yuang-MDA-MB-231-Cells-HighSNR/channels\1bf24fd2-3346-429c-8774-e86157f3af2f_processed_image_1.png
71,206,2,36957.6875,1,./image_sets/Yuang-MDA-MB-231-Cells-HighSNR/channels\1bf24fd2-3346-429c-8774-e86157f3af2f_processed_image_1.png
72,210,2,37675.3125,1,./image_sets/Yuang-MDA-MB-231-Cells-HighSNR/channels\1bf24fd2-3346-429c-8774-e86157f3af2f_processed_image_1.png
73,213,2,38213.53125,1,./image_sets/Yuang-MDA-MB-231-Cells-HighSNR/channels\1bf24fd2-3346-429c-8774-e86157f3af2f_processed_image_1.png
74,215,2,38572.34375,1,./image_sets/Yuang-MDA-MB-231-Cells-HighSNR/channels\1bf24fd2-3346-429c-8774-e86157f3af2f_processed_image_1.png
75,225,2,40366.40625,1,./image_sets/Yuang-MDA-MB-231-Cells-HighSNR/channels\1bf24fd2-3346-429c-8774-e86157f3af2f_processed_image_1.png
76,229,2,41084.03125,1,./image_sets/Yuang-MDA-MB-231-Cells-HighSNR/channels\1bf24fd2-3346-429c-8774-e86157f3af2f_processed_image_1.png
77,235,1,42160.46875,1,./image_sets/Yuang-MDA-MB-231-Cells-HighSNR/channels\1bf24fd2-3346-429c-8774-e86157f3af2f_processed_image_1.png
78,239,1,42878.09375,1,./image_sets/Yuang-MDA-MB-231-Cells-HighSNR/channels\1bf24fd2-3346-429c-8774-e86157f3af2f_processed_image_1.png
79,242,2,43416.3125,1,./image_sets/Yuang-MDA-MB-231-Cells-HighSNR/channels\1bf24fd2-3346-429c-8774-e86157f3af2f_processed_image_1.png
80,246,1,44133.9375,1,./image_sets/Yuang-MDA-MB-231-Cells-HighSNR/channels\1bf24fd2-3346-429c-8774-e86157f3af2f_processed_image_1.png
81,248,1,44492.75,1,./image_sets/Yuang-MDA-MB-231-Cells-HighSNR/channels\1bf24fd2-3346-429c-8774-e86157f3af2f_processed_image_1.png
82,10,1,2413.0078125,2,./image_sets/Yuang-MDA-MB-231-Cells-HighSNR/channels\1bf24fd2-3346-429c-8774-e86157f3af2f_processed_image_2.png
83,17,1611305,4102.11328125,2,./image_sets/Yuang-MDA-MB-231-Cells-HighSNR/channels\1bf24fd2-3346-429c-8774-e86157f3af2f_processed_image_2.png
84,56,179,13512.84375,2,./image_sets/Yuang-MDA-MB-231-Cells-HighSNR/channels\1bf24fd2-3346-429c-8774-e86157f3af2f_processed_image_2.png
85,63,98,15201.94921875,2,./image_sets/Yuang-MDA-MB-231-Cells-HighSNR/channels\1bf24fd2-3346-429c-8774-e86157f3af2f_processed_image_2.png
86,67,80,16167.15234375,2,./image_sets/Yuang-MDA-MB-231-Cells-HighSNR/channels\1bf24fd2-3346-429c-8774-e86157f3af2f_processed_image_2.png
87,72,54,17373.65625,2,./image_sets/Yuang-MDA-MB-231-Cells-HighSNR/channels\1bf24fd2-3346-429c-8774-e86157f3af2f_processed_image_2.png
88,74,58,17856.2578125,2,./image_sets/Yuang-MDA-MB-231-Cells-HighSNR/channels\1bf24fd2-3346-429c-8774-e86157f3af2f_processed_image_2.png
89,79,30,19062.76171875,2,./image_sets/Yuang-MDA-MB-231-Cells-HighSNR/channels\1bf24fd2-3346-429c-8774-e86157f3af2f_processed_image_2.png
90,81,36,19545.36328125,2,./image_sets/Yuang-MDA-MB-231-Cells-HighSNR/channels\1bf24fd2-3346-429c-8774-e86157f3af2f_processed_image_2.png
91,83,27,20027.96484375,2,./image_sets/Yuang-MDA-MB-231-Cells-HighSNR/channels\1bf24fd2-3346-429c-8774-e86157f3af2f_processed_image_2.png
92,86,33,20751.8671875,2,./image_sets/Yuang-MDA-MB-231-Cells-HighSNR/channels\1bf24fd2-3346-429c-8774-e86157f3af2f_processed_image_2.png
93,88,29,21234.46875,2,./image_sets/Yuang-MDA-MB-231-Cells-HighSNR/channels\1bf24fd2-3346-429c-8774-e86157f3af2f_processed_image_2.png
94,90,30,21717.0703125,2,./image_sets/Yuang-MDA-MB-231-Cells-HighSNR/channels\1bf24fd2-3346-429c-8774-e86157f3af2f_processed_image_2.png
95,93,31,22440.97265625,2,./image_sets/Yuang-MDA-MB-231-Cells-HighSNR/channels\1bf24fd2-3346-429c-8774-e86157f3af2f_processed_image_2.png
96,100,22,24130.078125,2,./image_sets/Yuang-MDA-MB-231-Cells-HighSNR/channels\1bf24fd2-3346-429c-8774-e86157f3af2f_processed_image_2.png
97,104,13,25095.28125,2,./image_sets/Yuang-MDA-MB-231-Cells-HighSNR/channels\1bf24fd2-3346-429c-8774-e86157f3af2f_processed_image_2.png
98,107,14,25819.18359375,2,./image_sets/Yuang-MDA-MB-231-Cells-HighSNR/channels\1bf24fd2-3346-429c-8774-e86157f3af2f_processed_image_2.png
99,110,7,26543.0859375,2,./image_sets/Yuang-MDA-MB-231-Cells-HighSNR/channels\1bf24fd2-3346-429c-8774-e86157f3af2f_processed_image_2.png
100,112,7,27025.6875,2,./image_sets/Yuang-MDA-MB-231-Cells-HighSNR/channels\1bf24fd2-3346-429c-8774-e86157f3af2f_processed_image_2.png
101,116,8,27990.890625,2,./image_sets/Yuang-MDA-MB-231-Cells-HighSNR/channels\1bf24fd2-3346-429c-8774-e86157f3af2f_processed_image_2.png
102,120,4,28956.09375,2,./image_sets/Yuang-MDA-MB-231-Cells-HighSNR/channels\1bf24fd2-3346-429c-8774-e86157f3af2f_processed_image_2.png
103,123,6,29679.99609375,2,./image_sets/Yuang-MDA-MB-231-Cells-HighSNR/channels\1bf24fd2-3346-429c-8774-e86157f3af2f_processed_image_2.png
104,125,5,30162.59765625,2,./image_sets/Yuang-MDA-MB-231-Cells-HighSNR/channels\1bf24fd2-3346-429c-8774-e86157f3af2f_processed_image_2.png
105,127,5,30645.19921875,2,./image_sets/Yuang-MDA-MB-231-Cells-HighSNR/channels\1bf24fd2-3346-429c-8774-e86157f3af2f_processed_image_2.png
106,129,4,31127.80078125,2,./image_sets/Yuang-MDA-MB-231-Cells-HighSNR/channels\1bf24fd2-3346-429c-8774-e86157f3af2f_processed_image_2.png
107,132,4,31851.703125,2,./image_sets/Yuang-MDA-MB-231-Cells-HighSNR/channels\1bf24fd2-3346-429c-8774-e86157f3af2f_processed_image_2.png
108,136,4,32816.90625,2,./image_sets/Yuang-MDA-MB-231-Cells-HighSNR/channels\1bf24fd2-3346-429c-8774-e86157f3af2f_processed_image_2.png
109,139,3,33540.80859375,2,./image_sets/Yuang-MDA-MB-231-Cells-HighSNR/channels\1bf24fd2-3346-429c-8774-e86157f3af2f_processed_image_2.png
110,145,2,34988.61328125,2,./image_sets/Yuang-MDA-MB-231-Cells-HighSNR/channels\1bf24fd2-3346-429c-8774-e86157f3af2f_processed_image_2.png
111,149,2,35953.81640625,2,./image_sets/Yuang-MDA-MB-231-Cells-HighSNR/channels\1bf24fd2-3346-429c-8774-e86157f3af2f_processed_image_2.png
112,151,2,36436.41796875,2,./image_sets/Yuang-MDA-MB-231-Cells-HighSNR/channels\1bf24fd2-3346-429c-8774-e86157f3af2f_processed_image_2.png
113,153,1,36919.01953125,2,./image_sets/Yuang-MDA-MB-231-Cells-HighSNR/channels\1bf24fd2-3346-429c-8774-e86157f3af2f_processed_image_2.png
114,158,2,38125.5234375,2,./image_sets/Yuang-MDA-MB-231-Cells-HighSNR/channels\1bf24fd2-3346-429c-8774-e86157f3af2f_processed_image_2.png
115,161,3,38849.42578125,2,./image_sets/Yuang-MDA-MB-231-Cells-HighSNR/channels\1bf24fd2-3346-429c-8774-e86157f3af2f_processed_image_2.png
116,164,2,39573.328125,2,./image_sets/Yuang-MDA-MB-231-Cells-HighSNR/channels\1bf24fd2-3346-429c-8774-e86157f3af2f_processed_image_2.png
117,166,3,40055.9296875,2,./image_sets/Yuang-MDA-MB-231-Cells-HighSNR/channels\1bf24fd2-3346-429c-8774-e86157f3af2f_processed_image_2.png
118,168,2,40538.53125,2,./image_sets/Yuang-MDA-MB-231-Cells-HighSNR/channels\1bf24fd2-3346-429c-8774-e86157f3af2f_processed_image_2.png
119,174,1,41986.3359375,2,./image_sets/Yuang-MDA-MB-231-Cells-HighSNR/channels\1bf24fd2-3346-429c-8774-e86157f3af2f_processed_image_2.png
120,176,1,42468.9375,2,./image_sets/Yuang-MDA-MB-231-Cells-HighSNR/channels\1bf24fd2-3346-429c-8774-e86157f3af2f_processed_image_2.png
121,186,2,44881.9453125,2,./image_sets/Yuang-MDA-MB-231-Cells-HighSNR/channels\1bf24fd2-3346-429c-8774-e86157f3af2f_processed_image_2.png
122,192,1,46329.75,2,./image_sets/Yuang-MDA-MB-231-Cells-HighSNR/channels\1bf24fd2-3346-429c-8774-e86157f3af2f_processed_image_2.png
123,194,1,46812.3515625,2,./image_sets/Yuang-MDA-MB-231-Cells-HighSNR/channels\1bf24fd2-3346-429c-8774-e86157f3af2f_processed_image_2.png
124,197,3,47536.25390625,2,./image_sets/Yuang-MDA-MB-231-Cells-HighSNR/channels\1bf24fd2-3346-429c-8774-e86157f3af2f_processed_image_2.png
125,199,1,48018.85546875,2,./image_sets/Yuang-MDA-MB-231-Cells-HighSNR/channels\1bf24fd2-3346-429c-8774-e86157f3af2f_processed_image_2.png
126,204,1,49225.359375,2,./image_sets/Yuang-MDA-MB-231-Cells-HighSNR/channels\1bf24fd2-3346-429c-8774-e86157f3af2f_processed_image_2.png
127,208,2,50190.5625,2,./image_sets/Yuang-MDA-MB-231-Cells-HighSNR/channels\1bf24fd2-3346-429c-8774-e86157f3af2f_processed_image_2.png
128,211,1,50914.46484375,2,./image_sets/Yuang-MDA-MB-231-Cells-HighSNR/channels\1bf24fd2-3346-429c-8774-e86157f3af2f_processed_image_2.png
129,220,2,53086.171875,2,./image_sets/Yuang-MDA-MB-231-Cells-HighSNR/channels\1bf24fd2-3346-429c-8774-e86157f3af2f_processed_image_2.png
130,222,1,53568.7734375,2,./image_sets/Yuang-MDA-MB-231-Cells-HighSNR/channels\1bf24fd2-3346-429c-8774-e86157f3af2f_processed_image_2.png
131,233,2,56223.08203125,2,./image_sets/Yuang-MDA-MB-231-Cells-HighSNR/channels\1bf24fd2-3346-429c-8774-e86157f3af2f_processed_image_2.png
132,236,2,56946.984375,2,./image_sets/Yuang-MDA-MB-231-Cells-HighSNR/channels\1bf24fd2-3346-429c-8774-e86157f3af2f_processed_image_2.png
133,239,2,57670.88671875,2,./image_sets/Yuang-MDA-MB-231-Cells-HighSNR/channels\1bf24fd2-3346-429c-8774-e86157f3af2f_processed_image_2.png
134,243,2,58636.08984375,2,./image_sets/Yuang-MDA-MB-231-Cells-HighSNR/channels\1bf24fd2-3346-429c-8774-e86157f3af2f_processed_image_2.png
135,245,1,59118.69140625,2,./image_sets/Yuang-MDA-MB-231-Cells-HighSNR/channels\1bf24fd2-3346-429c-8774-e86157f3af2f_processed_image_2.png
136,250,1,60325.1953125,2,./image_sets/Yuang-MDA-MB-231-Cells-HighSNR/channels\1bf24fd2-3346-429c-8774-e86157f3af2f_processed_image_2.png
137,253,5,61049.09765625,2,./image_sets/Yuang-MDA-MB-231-Cells-HighSNR/channels\1bf24fd2-3346-429c-8774-e86157f3af2f_processed_image_2.png
138,16,1657161,3904.6875,3,./image_sets/Yuang-MDA-MB-231-Cells-HighSNR/channels\1bf24fd2-3346-429c-8774-e86157f3af2f_processed_image_3.png
139,51,101,12446.19140625,3,./image_sets/Yuang-MDA-MB-231-Cells-HighSNR/channels\1bf24fd2-3346-429c-8774-e86157f3af2f_processed_image_3.png
140,56,63,13666.40625,3,./image_sets/Yuang-MDA-MB-231-Cells-HighSNR/channels\1bf24fd2-3346-429c-8774-e86157f3af2f_processed_image_3.png
141,61,41,14886.62109375,3,./image_sets/Yuang-MDA-MB-231-Cells-HighSNR/channels\1bf24fd2-3346-429c-8774-e86157f3af2f_processed_image_3.png
142,65,37,15862.79296875,3,./image_sets/Yuang-MDA-MB-231-Cells-HighSNR/channels\1bf24fd2-3346-429c-8774-e86157f3af2f_processed_image_3.png
143,68,26,16594.921875,3,./image_sets/Yuang-MDA-MB-231-Cells-HighSNR/channels\1bf24fd2-3346-429c-8774-e86157f3af2f_processed_image_3.png
144,73,15,17815.13671875,3,./image_sets/Yuang-MDA-MB-231-Cells-HighSNR/channels\1bf24fd2-3346-429c-8774-e86157f3af2f_processed_image_3.png
145,77,8,18791.30859375,3,./image_sets/Yuang-MDA-MB-231-Cells-HighSNR/channels\1bf24fd2-3346-429c-8774-e86157f3af2f_processed_image_3.png
146,79,10,19279.39453125,3,./image_sets/Yuang-MDA-MB-231-Cells-HighSNR/channels\1bf24fd2-3346-429c-8774-e86157f3af2f_processed_image_3.png
147,83,7,20255.56640625,3,./image_sets/Yuang-MDA-MB-231-Cells-HighSNR/channels\1bf24fd2-3346-429c-8774-e86157f3af2f_processed_image_3.png
148,86,6,20987.6953125,3,./image_sets/Yuang-MDA-MB-231-Cells-HighSNR/channels\1bf24fd2-3346-429c-8774-e86157f3af2f_processed_image_3.png
149,88,7,21475.78125,3,./image_sets/Yuang-MDA-MB-231-Cells-HighSNR/channels\1bf24fd2-3346-429c-8774-e86157f3af2f_processed_image_3.png
150,93,10,22695.99609375,3,./image_sets/Yuang-MDA-MB-231-Cells-HighSNR/channels\1bf24fd2-3346-429c-8774-e86157f3af2f_processed_image_3.png
151,97,5,23672.16796875,3,./image_sets/Yuang-MDA-MB-231-Cells-HighSNR/channels\1bf24fd2-3346-429c-8774-e86157f3af2f_processed_image_3.png
152,100,6,24404.296875,3,./image_sets/Yuang-MDA-MB-231-Cells-HighSNR/channels\1bf24fd2-3346-429c-8774-e86157f3af2f_processed_image_3.png
153,102,4,24892.3828125,3,./image_sets/Yuang-MDA-MB-231-Cells-HighSNR/channels\1bf24fd2-3346-429c-8774-e86157f3af2f_processed_image_3.png
154,106,3,25868.5546875,3,./image_sets/Yuang-MDA-MB-231-Cells-HighSNR/channels\1bf24fd2-3346-429c-8774-e86157f3af2f_processed_image_3.png
155,108,3,26356.640625,3,./image_sets/Yuang-MDA-MB-231-Cells-HighSNR/channels\1bf24fd2-3346-429c-8774-e86157f3af2f_processed_image_3.png
156,110,4,26844.7265625,3,./image_sets/Yuang-MDA-MB-231-Cells-HighSNR/channels\1bf24fd2-3346-429c-8774-e86157f3af2f_processed_image_3.png
157,112,2,27332.8125,3,./image_sets/Yuang-MDA-MB-231-Cells-HighSNR/channels\1bf24fd2-3346-429c-8774-e86157f3af2f_processed_image_3.png
158,116,4,28308.984375,3,./image_sets/Yuang-MDA-MB-231-Cells-HighSNR/channels\1bf24fd2-3346-429c-8774-e86157f3af2f_processed_image_3.png
159,124,3,30261.328125,3,./image_sets/Yuang-MDA-MB-231-Cells-HighSNR/channels\1bf24fd2-3346-429c-8774-e86157f3af2f_processed_image_3.png
160,127,2,30993.45703125,3,./image_sets/Yuang-MDA-MB-231-Cells-HighSNR/channels\1bf24fd2-3346-429c-8774-e86157f3af2f_processed_image_3.png
161,131,3,31969.62890625,3,./image_sets/Yuang-MDA-MB-231-Cells-HighSNR/channels\1bf24fd2-3346-429c-8774-e86157f3af2f_processed_image_3.png
162,135,3,32945.80078125,3,./image_sets/Yuang-MDA-MB-231-Cells-HighSNR/channels\1bf24fd2-3346-429c-8774-e86157f3af2f_processed_image_3.png
163,139,2,33921.97265625,3,./image_sets/Yuang-MDA-MB-231-Cells-HighSNR/channels\1bf24fd2-3346-429c-8774-e86157f3af2f_processed_image_3.png
164,142,3,34654.1015625,3,./image_sets/Yuang-MDA-MB-231-Cells-HighSNR/channels\1bf24fd2-3346-429c-8774-e86157f3af2f_processed_image_3.png
165,145,2,35386.23046875,3,./image_sets/Yuang-MDA-MB-231-Cells-HighSNR/channels\1bf24fd2-3346-429c-8774-e86157f3af2f_processed_image_3.png
166,149,1,36362.40234375,3,./image_sets/Yuang-MDA-MB-231-Cells-HighSNR/channels\1bf24fd2-3346-429c-8774-e86157f3af2f_processed_image_3.png
167,152,2,37094.53125,3,./image_sets/Yuang-MDA-MB-231-Cells-HighSNR/channels\1bf24fd2-3346-429c-8774-e86157f3af2f_processed_image_3.png
168,157,1,38314.74609375,3,./image_sets/Yuang-MDA-MB-231-Cells-HighSNR/channels\1bf24fd2-3346-429c-8774-e86157f3af2f_processed_image_3.png
169,159,2,38802.83203125,3,./image_sets/Yuang-MDA-MB-231-Cells-HighSNR/channels\1bf24fd2-3346-429c-8774-e86157f3af2f_processed_image_3.png
170,163,1,39779.00390625,3,./image_sets/Yuang-MDA-MB-231-Cells-HighSNR/channels\1bf24fd2-3346-429c-8774-e86157f3af2f_processed_image_3.png
171,166,2,40511.1328125,3,./image_sets/Yuang-MDA-MB-231-Cells-HighSNR/channels\1bf24fd2-3346-429c-8774-e86157f3af2f_processed_image_3.png
172,169,3,41243.26171875,3,./image_sets/Yuang-MDA-MB-231-Cells-HighSNR/channels\1bf24fd2-3346-429c-8774-e86157f3af2f_processed_image_3.png
173,184,1,44903.90625,3,./image_sets/Yuang-MDA-MB-231-Cells-HighSNR/channels\1bf24fd2-3346-429c-8774-e86157f3af2f_processed_image_3.png
174,189,1,46124.12109375,3,./image_sets/Yuang-MDA-MB-231-Cells-HighSNR/channels\1bf24fd2-3346-429c-8774-e86157f3af2f_processed_image_3.png
175,198,2,48320.5078125,3,./image_sets/Yuang-MDA-MB-231-Cells-HighSNR/channels\1bf24fd2-3346-429c-8774-e86157f3af2f_processed_image_3.png
176,201,2,49052.63671875,3,./image_sets/Yuang-MDA-MB-231-Cells-HighSNR/channels\1bf24fd2-3346-429c-8774-e86157f3af2f_processed_image_3.png
177,206,1,50272.8515625,3,./image_sets/Yuang-MDA-MB-231-Cells-HighSNR/channels\1bf24fd2-3346-429c-8774-e86157f3af2f_processed_image_3.png
178,210,2,51249.0234375,3,./image_sets/Yuang-MDA-MB-231-Cells-HighSNR/channels\1bf24fd2-3346-429c-8774-e86157f3af2f_processed_image_3.png
179,215,1,52469.23828125,3,./image_sets/Yuang-MDA-MB-231-Cells-HighSNR/channels\1bf24fd2-3346-429c-8774-e86157f3af2f_processed_image_3.png
180,217,2,52957.32421875,3,./image_sets/Yuang-MDA-MB-231-Cells-HighSNR/channels\1bf24fd2-3346-429c-8774-e86157f3af2f_processed_image_3.png
181,220,2,53689.453125,3,./image_sets/Yuang-MDA-MB-231-Cells-HighSNR/channels\1bf24fd2-3346-429c-8774-e86157f3af2f_processed_image_3.png
182,225,1,54909.66796875,3,./image_sets/Yuang-MDA-MB-231-Cells-HighSNR/channels\1bf24fd2-3346-429c-8774-e86157f3af2f_processed_image_3.png
183,227,1,55397.75390625,3,./image_sets/Yuang-MDA-MB-231-Cells-HighSNR/channels\1bf24fd2-3346-429c-8774-e86157f3af2f_processed_image_3.png
184,233,1,56862.01171875,3,./image_sets/Yuang-MDA-MB-231-Cells-HighSNR/channels\1bf24fd2-3346-429c-8774-e86157f3af2f_processed_image_3.png
185,240,2,58570.3125,3,./image_sets/Yuang-MDA-MB-231-Cells-HighSNR/channels\1bf24fd2-3346-429c-8774-e86157f3af2f_processed_image_3.png
186,248,4,60522.65625,3,./image_sets/Yuang-MDA-MB-231-Cells-HighSNR/channels\1bf24fd2-3346-429c-8774-e86157f3af2f_processed_image_3.png
187,16,1455105,3956.9375,4,./image_sets/Yuang-MDA-MB-231-Cells-HighSNR/channels\1bf24fd2-3346-429c-8774-e86157f3af2f_processed_image_4.png
188,51,182,12612.73828125,4,./image_sets/Yuang-MDA-MB-231-Cells-HighSNR/channels\1bf24fd2-3346-429c-8774-e86157f3af2f_processed_image_4.png
189,59,89,14591.20703125,4,./image_sets/Yuang-MDA-MB-231-Cells-HighSNR/channels\1bf24fd2-3346-429c-8774-e86157f3af2f_processed_image_4.png
190,64,65,15827.75,4,./image_sets/Yuang-MDA-MB-231-Cells-HighSNR/channels\1bf24fd2-3346-429c-8774-e86157f3af2f_processed_image_4.png
191,66,54,16322.3671875,4,./image_sets/Yuang-MDA-MB-231-Cells-HighSNR/channels\1bf24fd2-3346-429c-8774-e86157f3af2f_processed_image_4.png
192,71,45,17558.91015625,4,./image_sets/Yuang-MDA-MB-231-Cells-HighSNR/channels\1bf24fd2-3346-429c-8774-e86157f3af2f_processed_image_4.png
193,74,43,18300.8359375,4,./image_sets/Yuang-MDA-MB-231-Cells-HighSNR/channels\1bf24fd2-3346-429c-8774-e86157f3af2f_processed_image_4.png
194,78,29,19290.0703125,4,./image_sets/Yuang-MDA-MB-231-Cells-HighSNR/channels\1bf24fd2-3346-429c-8774-e86157f3af2f_processed_image_4.png
195,80,21,19784.6875,4,./image_sets/Yuang-MDA-MB-231-Cells-HighSNR/channels\1bf24fd2-3346-429c-8774-e86157f3af2f_processed_image_4.png
196,90,13,22257.7734375,4,./image_sets/Yuang-MDA-MB-231-Cells-HighSNR/channels\1bf24fd2-3346-429c-8774-e86157f3af2f_processed_image_4.png
197,92,16,22752.390625,4,./image_sets/Yuang-MDA-MB-231-Cells-HighSNR/channels\1bf24fd2-3346-429c-8774-e86157f3af2f_processed_image_4.png
198,96,10,23741.625,4,./image_sets/Yuang-MDA-MB-231-Cells-HighSNR/channels\1bf24fd2-3346-429c-8774-e86157f3af2f_processed_image_4.png
199,101,6,24978.16796875,4,./image_sets/Yuang-MDA-MB-231-Cells-HighSNR/channels\1bf24fd2-3346-429c-8774-e86157f3af2f_processed_image_4.png
200,103,12,25472.78515625,4,./image_sets/Yuang-MDA-MB-231-Cells-HighSNR/channels\1bf24fd2-3346-429c-8774-e86157f3af2f_processed_image_4.png
201,110,9,27203.9453125,4,./image_sets/Yuang-MDA-MB-231-Cells-HighSNR/channels\1bf24fd2-3346-429c-8774-e86157f3af2f_processed_image_4.png
202,114,10,28193.1796875,4,./image_sets/Yuang-MDA-MB-231-Cells-HighSNR/channels\1bf24fd2-3346-429c-8774-e86157f3af2f_processed_image_4.png
203,116,9,28687.796875,4,./image_sets/Yuang-MDA-MB-231-Cells-HighSNR/channels\1bf24fd2-3346-429c-8774-e86157f3af2f_processed_image_4.png
204,120,7,29677.03125,4,./image_sets/Yuang-MDA-MB-231-Cells-HighSNR/channels\1bf24fd2-3346-429c-8774-e86157f3af2f_processed_image_4.png
205,128,10,31655.5,4,./image_sets/Yuang-MDA-MB-231-Cells-HighSNR/channels\1bf24fd2-3346-429c-8774-e86157f3af2f_processed_image_4.png
206,132,10,32644.734375,4,./image_sets/Yuang-MDA-MB-231-Cells-HighSNR/channels\1bf24fd2-3346-429c-8774-e86157f3af2f_processed_image_4.png
207,139,7,34375.89453125,4,./image_sets/Yuang-MDA-MB-231-Cells-HighSNR/channels\1bf24fd2-3346-429c-8774-e86157f3af2f_processed_image_4.png
208,142,2,35117.8203125,4,./image_sets/Yuang-MDA-MB-231-Cells-HighSNR/channels\1bf24fd2-3346-429c-8774-e86157f3af2f_processed_image_4.png
209,145,4,35859.74609375,4,./image_sets/Yuang-MDA-MB-231-Cells-HighSNR/channels\1bf24fd2-3346-429c-8774-e86157f3af2f_processed_image_4.png
210,156,2,38580.140625,4,./image_sets/Yuang-MDA-MB-231-Cells-HighSNR/channels\1bf24fd2-3346-429c-8774-e86157f3af2f_processed_image_4.png
211,158,1,39074.7578125,4,./image_sets/Yuang-MDA-MB-231-Cells-HighSNR/channels\1bf24fd2-3346-429c-8774-e86157f3af2f_processed_image_4.png
212,160,1,39569.375,4,./image_sets/Yuang-MDA-MB-231-Cells-HighSNR/channels\1bf24fd2-3346-429c-8774-e86157f3af2f_processed_image_4.png
213,162,1,40063.9921875,4,./image_sets/Yuang-MDA-MB-231-Cells-HighSNR/channels\1bf24fd2-3346-429c-8774-e86157f3af2f_processed_image_4.png
214,169,1,41795.15234375,4,./image_sets/Yuang-MDA-MB-231-Cells-HighSNR/channels\1bf24fd2-3346-429c-8774-e86157f3af2f_processed_image_4.png
215,176,1,43526.3125,4,./image_sets/Yuang-MDA-MB-231-Cells-HighSNR/channels\1bf24fd2-3346-429c-8774-e86157f3af2f_processed_image_4.png
216,178,1,44020.9296875,4,./image_sets/Yuang-MDA-MB-231-Cells-HighSNR/channels\1bf24fd2-3346-429c-8774-e86157f3af2f_processed_image_4.png
217,183,1,45257.47265625,4,./image_sets/Yuang-MDA-MB-231-Cells-HighSNR/channels\1bf24fd2-3346-429c-8774-e86157f3af2f_processed_image_4.png
218,193,2,47730.55859375,4,./image_sets/Yuang-MDA-MB-231-Cells-HighSNR/channels\1bf24fd2-3346-429c-8774-e86157f3af2f_processed_image_4.png
219,195,1,48225.17578125,4,./image_sets/Yuang-MDA-MB-231-Cells-HighSNR/channels\1bf24fd2-3346-429c-8774-e86157f3af2f_processed_image_4.png
220,202,1,49956.3359375,4,./image_sets/Yuang-MDA-MB-231-Cells-HighSNR/channels\1bf24fd2-3346-429c-8774-e86157f3af2f_processed_image_4.png
221,204,2,50450.953125,4,./image_sets/Yuang-MDA-MB-231-Cells-HighSNR/channels\1bf24fd2-3346-429c-8774-e86157f3af2f_processed_image_4.png
222,206,1,50945.5703125,4,./image_sets/Yuang-MDA-MB-231-Cells-HighSNR/channels\1bf24fd2-3346-429c-8774-e86157f3af2f_processed_image_4.png
223,209,1,51687.49609375,4,./image_sets/Yuang-MDA-MB-231-Cells-HighSNR/channels\1bf24fd2-3346-429c-8774-e86157f3af2f_processed_image_4.png
224,216,1,53418.65625,4,./image_sets/Yuang-MDA-MB-231-Cells-HighSNR/channels\1bf24fd2-3346-429c-8774-e86157f3af2f_processed_image_4.png
225,220,1,54407.890625,4,./image_sets/Yuang-MDA-MB-231-Cells-HighSNR/channels\1bf24fd2-3346-429c-8774-e86157f3af2f_processed_image_4.png
226,223,1,55149.81640625,4,./image_sets/Yuang-MDA-MB-231-Cells-HighSNR/channels\1bf24fd2-3346-429c-8774-e86157f3af2f_processed_image_4.png
227,228,2,56386.359375,4,./image_sets/Yuang-MDA-MB-231-Cells-HighSNR/channels\1bf24fd2-3346-429c-8774-e86157f3af2f_processed_image_4.png
228,233,2,57622.90234375,4,./image_sets/Yuang-MDA-MB-231-Cells-HighSNR/channels\1bf24fd2-3346-429c-8774-e86157f3af2f_processed_image_4.png
229,238,3,58859.4453125,4,./image_sets/Yuang-MDA-MB-231-Cells-HighSNR/channels\1bf24fd2-3346-429c-8774-e86157f3af2f_processed_image_4.png
230,245,3,60590.60546875,4,./image_sets/Yuang-MDA-MB-231-Cells-HighSNR/channels\1bf24fd2-3346-429c-8774-e86157f3af2f_processed_image_4.png
231,249,7,61579.83984375,4,./image_sets/Yuang-MDA-MB-231-Cells-HighSNR/channels\1bf24fd2-3346-429c-8774-e86157f3af2f_processed_image_4.png
232,18,1329333,4107.8671875,5,./image_sets/Yuang-MDA-MB-231-Cells-HighSNR/channels\1bf24fd2-3346-429c-8774-e86157f3af2f_processed_image_5.png
233,38,296,8672.1640625,5,./image_sets/Yuang-MDA-MB-231-Cells-HighSNR/channels\1bf24fd2-3346-429c-8774-e86157f3af2f_processed_image_5.png
234,41,212,9356.80859375,5,./image_sets/Yuang-MDA-MB-231-Cells-HighSNR/channels\1bf24fd2-3346-429c-8774-e86157f3af2f_processed_image_5.png
235,49,68,11182.52734375,5,./image_sets/Yuang-MDA-MB-231-Cells-HighSNR/channels\1bf24fd2-3346-429c-8774-e86157f3af2f_processed_image_5.png
236,51,51,11638.95703125,5,./image_sets/Yuang-MDA-MB-231-Cells-HighSNR/channels\1bf24fd2-3346-429c-8774-e86157f3af2f_processed_image_5.png
237,59,16,13464.67578125,5,./image_sets/Yuang-MDA-MB-231-Cells-HighSNR/channels\1bf24fd2-3346-429c-8774-e86157f3af2f_processed_image_5.png
238,61,18,13921.10546875,5,./image_sets/Yuang-MDA-MB-231-Cells-HighSNR/channels\1bf24fd2-3346-429c-8774-e86157f3af2f_processed_image_5.png
239,63,10,14377.53515625,5,./image_sets/Yuang-MDA-MB-231-Cells-HighSNR/channels\1bf24fd2-3346-429c-8774-e86157f3af2f_processed_image_5.png
240,66,10,15062.1796875,5,./image_sets/Yuang-MDA-MB-231-Cells-HighSNR/channels\1bf24fd2-3346-429c-8774-e86157f3af2f_processed_image_5.png
241,68,16,15518.609375,5,./image_sets/Yuang-MDA-MB-231-Cells-HighSNR/channels\1bf24fd2-3346-429c-8774-e86157f3af2f_processed_image_5.png
242,71,13,16203.25390625,5,./image_sets/Yuang-MDA-MB-231-Cells-HighSNR/channels\1bf24fd2-3346-429c-8774-e86157f3af2f_processed_image_5.png
243,76,8,17344.328125,5,./image_sets/Yuang-MDA-MB-231-Cells-HighSNR/channels\1bf24fd2-3346-429c-8774-e86157f3af2f_processed_image_5.png
244,79,11,18028.97265625,5,./image_sets/Yuang-MDA-MB-231-Cells-HighSNR/channels\1bf24fd2-3346-429c-8774-e86157f3af2f_processed_image_5.png
245,83,7,18941.83203125,5,./image_sets/Yuang-MDA-MB-231-Cells-HighSNR/channels\1bf24fd2-3346-429c-8774-e86157f3af2f_processed_image_5.png
246,90,8,20539.3359375,5,./image_sets/Yuang-MDA-MB-231-Cells-HighSNR/channels\1bf24fd2-3346-429c-8774-e86157f3af2f_processed_image_5.png
247,92,3,20995.765625,5,./image_sets/Yuang-MDA-MB-231-Cells-HighSNR/channels\1bf24fd2-3346-429c-8774-e86157f3af2f_processed_image_5.png
248,94,4,21452.1953125,5,./image_sets/Yuang-MDA-MB-231-Cells-HighSNR/channels\1bf24fd2-3346-429c-8774-e86157f3af2f_processed_image_5.png
249,99,6,22593.26953125,5,./image_sets/Yuang-MDA-MB-231-Cells-HighSNR/channels\1bf24fd2-3346-429c-8774-e86157f3af2f_processed_image_5.png
250,107,2,24418.98828125,5,./image_sets/Yuang-MDA-MB-231-Cells-HighSNR/channels\1bf24fd2-3346-429c-8774-e86157f3af2f_processed_image_5.png
251,109,1,24875.41796875,5,./image_sets/Yuang-MDA-MB-231-Cells-HighSNR/channels\1bf24fd2-3346-429c-8774-e86157f3af2f_processed_image_5.png
252,111,2,25331.84765625,5,./image_sets/Yuang-MDA-MB-231-Cells-HighSNR/channels\1bf24fd2-3346-429c-8774-e86157f3af2f_processed_image_5.png
253,113,2,25788.27734375,5,./image_sets/Yuang-MDA-MB-231-Cells-HighSNR/channels\1bf24fd2-3346-429c-8774-e86157f3af2f_processed_image_5.png
254,117,3,26701.13671875,5,./image_sets/Yuang-MDA-MB-231-Cells-HighSNR/channels\1bf24fd2-3346-429c-8774-e86157f3af2f_processed_image_5.png
255,137,2,31265.43359375,5,./image_sets/Yuang-MDA-MB-231-Cells-HighSNR/channels\1bf24fd2-3346-429c-8774-e86157f3af2f_processed_image_5.png
256,140,3,31950.078125,5,./image_sets/Yuang-MDA-MB-231-Cells-HighSNR/channels\1bf24fd2-3346-429c-8774-e86157f3af2f_processed_image_5.png
257,146,2,33319.3671875,5,./image_sets/Yuang-MDA-MB-231-Cells-HighSNR/channels\1bf24fd2-3346-429c-8774-e86157f3af2f_processed_image_5.png
258,154,2,35145.0859375,5,./image_sets/Yuang-MDA-MB-231-Cells-HighSNR/channels\1bf24fd2-3346-429c-8774-e86157f3af2f_processed_image_5.png
259,158,1,36057.9453125,5,./image_sets/Yuang-MDA-MB-231-Cells-HighSNR/channels\1bf24fd2-3346-429c-8774-e86157f3af2f_processed_image_5.png
260,162,2,36970.8046875,5,./image_sets/Yuang-MDA-MB-231-Cells-HighSNR/channels\1bf24fd2-3346-429c-8774-e86157f3af2f_processed_image_5.png
261,164,2,37427.234375,5,./image_sets/Yuang-MDA-MB-231-Cells-HighSNR/channels\1bf24fd2-3346-429c-8774-e86157f3af2f_processed_image_5.png
262,166,3,37883.6640625,5,./image_sets/Yuang-MDA-MB-231-Cells-HighSNR/channels\1bf24fd2-3346-429c-8774-e86157f3af2f_processed_image_5.png
263,170,1,38796.5234375,5,./image_sets/Yuang-MDA-MB-231-Cells-HighSNR/channels\1bf24fd2-3346-429c-8774-e86157f3af2f_processed_image_5.png
264,172,4,39252.953125,5,./image_sets/Yuang-MDA-MB-231-Cells-HighSNR/channels\1bf24fd2-3346-429c-8774-e86157f3af2f_processed_image_5.png
265,177,1,40394.02734375,5,./image_sets/Yuang-MDA-MB-231-Cells-HighSNR/channels\1bf24fd2-3346-429c-8774-e86157f3af2f_processed_image_5.png
266,182,1,41535.1015625,5,./image_sets/Yuang-MDA-MB-231-Cells-HighSNR/channels\1bf24fd2-3346-429c-8774-e86157f3af2f_processed_image_5.png
267,189,3,43132.60546875,5,./image_sets/Yuang-MDA-MB-231-Cells-HighSNR/channels\1bf24fd2-3346-429c-8774-e86157f3af2f_processed_image_5.png
268,195,2,44501.89453125,5,./image_sets/Yuang-MDA-MB-231-Cells-HighSNR/channels\1bf24fd2-3346-429c-8774-e86157f3af2f_processed_image_5.png
269,206,1,47012.2578125,5,./image_sets/Yuang-MDA-MB-231-Cells-HighSNR/channels\1bf24fd2-3346-429c-8774-e86157f3af2f_processed_image_5.png
270,209,1,47696.90234375,5,./image_sets/Yuang-MDA-MB-231-Cells-HighSNR/channels\1bf24fd2-3346-429c-8774-e86157f3af2f_processed_image_5.png
271,211,1,48153.33203125,5,./image_sets/Yuang-MDA-MB-231-Cells-HighSNR/channels\1bf24fd2-3346-429c-8774-e86157f3af2f_processed_image_5.png
272,221,1,50435.48046875,5,./image_sets/Yuang-MDA-MB-231-Cells-HighSNR/channels\1bf24fd2-3346-429c-8774-e86157f3af2f_processed_image_5.png
273,223,1,50891.91015625,5,./image_sets/Yuang-MDA-MB-231-Cells-HighSNR/channels\1bf24fd2-3346-429c-8774-e86157f3af2f_processed_image_5.png
274,225,1,51348.33984375,5,./image_sets/Yuang-MDA-MB-231-Cells-HighSNR/channels\1bf24fd2-3346-429c-8774-e86157f3af2f_processed_image_5.png
275,227,1,51804.76953125,5,./image_sets/Yuang-MDA-MB-231-Cells-HighSNR/channels\1bf24fd2-3346-429c-8774-e86157f3af2f_processed_image_5.png
276,229,2,52261.19921875,5,./image_sets/Yuang-MDA-MB-231-Cells-HighSNR/channels\1bf24fd2-3346-429c-8774-e86157f3af2f_processed_image_5.png
277,236,2,53858.703125,5,./image_sets/Yuang-MDA-MB-231-Cells-HighSNR/channels\1bf24fd2-3346-429c-8774-e86157f3af2f_processed_image_5.png
278,239,1,54543.34765625,5,./image_sets/Yuang-MDA-MB-231-Cells-HighSNR/channels\1bf24fd2-3346-429c-8774-e86157f3af2f_processed_image_5.png
279,242,1,55227.9921875,5,./image_sets/Yuang-MDA-MB-231-Cells-HighSNR/channels\1bf24fd2-3346-429c-8774-e86157f3af2f_processed_image_5.png
280,245,1,55912.63671875,5,./image_sets/Yuang-MDA-MB-231-Cells-HighSNR/channels\1bf24fd2-3346-429c-8774-e86157f3af2f_processed_image_5.png
281,251,1,57281.92578125,5,./image_sets/Yuang-MDA-MB-231-Cells-HighSNR/channels\1bf24fd2-3346-429c-8774-e86157f3af2f_processed_image_5.png
282,23,965024,4674.5703125,6,./image_sets/Yuang-MDA-MB-231-Cells-HighSNR/channels\1bf24fd2-3346-429c-8774-e86157f3af2f_processed_image_10.png
283,67,525,13617.2265625,6,./image_sets/Yuang-MDA-MB-231-Cells-HighSNR/channels\1bf24fd2-3346-429c-8774-e86157f3af2f_processed_image_10.png
284,77,232,15649.6484375,6,./image_sets/Yuang-MDA-MB-231-Cells-HighSNR/channels\1bf24fd2-3346-429c-8774-e86157f3af2f_processed_image_10.png
285,79,205,16056.1328125,6,./image_sets/Yuang-MDA-MB-231-Cells-HighSNR/channels\1bf24fd2-3346-429c-8774-e86157f3af2f_processed_image_10.png
286,82,176,16665.859375,6,./image_sets/Yuang-MDA-MB-231-Cells-HighSNR/channels\1bf24fd2-3346-429c-8774-e86157f3af2f_processed_image_10.png
287,84,149,17072.34375,6,./image_sets/Yuang-MDA-MB-231-Cells-HighSNR/channels\1bf24fd2-3346-429c-8774-e86157f3af2f_processed_image_10.png
288,89,111,18088.5546875,6,./image_sets/Yuang-MDA-MB-231-Cells-HighSNR/channels\1bf24fd2-3346-429c-8774-e86157f3af2f_processed_image_10.png
289,91,100,18495.0390625,6,./image_sets/Yuang-MDA-MB-231-Cells-HighSNR/channels\1bf24fd2-3346-429c-8774-e86157f3af2f_processed_image_10.png
290,96,61,19511.25,6,./image_sets/Yuang-MDA-MB-231-Cells-HighSNR/channels\1bf24fd2-3346-429c-8774-e86157f3af2f_processed_image_10.png
291,100,50,20324.21875,6,./image_sets/Yuang-MDA-MB-231-Cells-HighSNR/channels\1bf24fd2-3346-429c-8774-e86157f3af2f_processed_image_10.png
292,103,48,20933.9453125,6,./image_sets/Yuang-MDA-MB-231-Cells-HighSNR/channels\1bf24fd2-3346-429c-8774-e86157f3af2f_processed_image_10.png
293,106,38,21543.671875,6,./image_sets/Yuang-MDA-MB-231-Cells-HighSNR/channels\1bf24fd2-3346-429c-8774-e86157f3af2f_processed_image_10.png
294,112,25,22763.125,6,./image_sets/Yuang-MDA-MB-231-Cells-HighSNR/channels\1bf24fd2-3346-429c-8774-e86157f3af2f_processed_image_10.png
295,115,29,23372.8515625,6,./image_sets/Yuang-MDA-MB-231-Cells-HighSNR/channels\1bf24fd2-3346-429c-8774-e86157f3af2f_processed_image_10.png
296,117,22,23779.3359375,6,./image_sets/Yuang-MDA-MB-231-Cells-HighSNR/channels\1bf24fd2-3346-429c-8774-e86157f3af2f_processed_image_10.png
297,123,19,24998.7890625,6,./image_sets/Yuang-MDA-MB-231-Cells-HighSNR/channels\1bf24fd2-3346-429c-8774-e86157f3af2f_processed_image_10.png
298,127,23,25811.7578125,6,./image_sets/Yuang-MDA-MB-231-Cells-HighSNR/channels\1bf24fd2-3346-429c-8774-e86157f3af2f_processed_image_10.png
299,129,27,26218.2421875,6,./image_sets/Yuang-MDA-MB-231-Cells-HighSNR/channels\1bf24fd2-3346-429c-8774-e86157f3af2f_processed_image_10.png
300,132,22,26827.96875,6,./image_sets/Yuang-MDA-MB-231-Cells-HighSNR/channels\1bf24fd2-3346-429c-8774-e86157f3af2f_processed_image_10.png
301,134,18,27234.453125,6,./image_sets/Yuang-MDA-MB-231-Cells-HighSNR/channels\1bf24fd2-3346-429c-8774-e86157f3af2f_processed_image_10.png
302,136,17,27640.9375,6,./image_sets/Yuang-MDA-MB-231-Cells-HighSNR/channels\1bf24fd2-3346-429c-8774-e86157f3af2f_processed_image_10.png
303,140,20,28453.90625,6,./image_sets/Yuang-MDA-MB-231-Cells-HighSNR/channels\1bf24fd2-3346-429c-8774-e86157f3af2f_processed_image_10.png
304,142,18,28860.390625,6,./image_sets/Yuang-MDA-MB-231-Cells-HighSNR/channels\1bf24fd2-3346-429c-8774-e86157f3af2f_processed_image_10.png
305,144,26,29266.875,6,./image_sets/Yuang-MDA-MB-231-Cells-HighSNR/channels\1bf24fd2-3346-429c-8774-e86157f3af2f_processed_image_10.png
306,149,22,30283.0859375,6,./image_sets/Yuang-MDA-MB-231-Cells-HighSNR/channels\1bf24fd2-3346-429c-8774-e86157f3af2f_processed_image_10.png
307,151,34,30689.5703125,6,./image_sets/Yuang-MDA-MB-231-Cells-HighSNR/channels\1bf24fd2-3346-429c-8774-e86157f3af2f_processed_image_10.png
308,155,22,31502.5390625,6,./image_sets/Yuang-MDA-MB-231-Cells-HighSNR/channels\1bf24fd2-3346-429c-8774-e86157f3af2f_processed_image_10.png
309,157,25,31909.0234375,6,./image_sets/Yuang-MDA-MB-231-Cells-HighSNR/channels\1bf24fd2-3346-429c-8774-e86157f3af2f_processed_image_10.png
310,159,24,32315.5078125,6,./image_sets/Yuang-MDA-MB-231-Cells-HighSNR/channels\1bf24fd2-3346-429c-8774-e86157f3af2f_processed_image_10.png
311,161,18,32721.9921875,6,./image_sets/Yuang-MDA-MB-231-Cells-HighSNR/channels\1bf24fd2-3346-429c-8774-e86157f3af2f_processed_image_10.png
312,165,18,33534.9609375,6,./image_sets/Yuang-MDA-MB-231-Cells-HighSNR/channels\1bf24fd2-3346-429c-8774-e86157f3af2f_processed_image_10.png
313,168,9,34144.6875,6,./image_sets/Yuang-MDA-MB-231-Cells-HighSNR/channels\1bf24fd2-3346-429c-8774-e86157f3af2f_processed_image_10.png
314,170,9,34551.171875,6,./image_sets/Yuang-MDA-MB-231-Cells-HighSNR/channels\1bf24fd2-3346-429c-8774-e86157f3af2f_processed_image_10.png
315,179,10,36380.3515625,6,./image_sets/Yuang-MDA-MB-231-Cells-HighSNR/channels\1bf24fd2-3346-429c-8774-e86157f3af2f_processed_image_10.png
316,183,9,37193.3203125,6,./image_sets/Yuang-MDA-MB-231-Cells-HighSNR/channels\1bf24fd2-3346-429c-8774-e86157f3af2f_processed_image_10.png
317,185,5,37599.8046875,6,./image_sets/Yuang-MDA-MB-231-Cells-HighSNR/channels\1bf24fd2-3346-429c-8774-e86157f3af2f_processed_image_10.png
318,188,3,38209.53125,6,./image_sets/Yuang-MDA-MB-231-Cells-HighSNR/channels\1bf24fd2-3346-429c-8774-e86157f3af2f_processed_image_10.png
319,192,5,39022.5,6,./image_sets/Yuang-MDA-MB-231-Cells-HighSNR/channels\1bf24fd2-3346-429c-8774-e86157f3af2f_processed_image_10.png
320,195,5,39632.2265625,6,./image_sets/Yuang-MDA-MB-231-Cells-HighSNR/channels\1bf24fd2-3346-429c-8774-e86157f3af2f_processed_image_10.png
321,206,2,41867.890625,6,./image_sets/Yuang-MDA-MB-231-Cells-HighSNR/channels\1bf24fd2-3346-429c-8774-e86157f3af2f_processed_image_10.png
322,210,1,42680.859375,6,./image_sets/Yuang-MDA-MB-231-Cells-HighSNR/channels\1bf24fd2-3346-429c-8774-e86157f3af2f_processed_image_10.png
323,212,2,43087.34375,6,./image_sets/Yuang-MDA-MB-231-Cells-HighSNR/channels\1bf24fd2-3346-429c-8774-e86157f3af2f_processed_image_10.png
324,214,2,43493.828125,6,./image_sets/Yuang-MDA-MB-231-Cells-HighSNR/channels\1bf24fd2-3346-429c-8774-e86157f3af2f_processed_image_10.png
325,217,1,44103.5546875,6,./image_sets/Yuang-MDA-MB-231-Cells-HighSNR/channels\1bf24fd2-3346-429c-8774-e86157f3af2f_processed_image_10.png
326,230,2,46745.703125,6,./image_sets/Yuang-MDA-MB-231-Cells-HighSNR/channels\1bf24fd2-3346-429c-8774-e86157f3af2f_processed_image_10.png
327,233,1,47355.4296875,6,./image_sets/Yuang-MDA-MB-231-Cells-HighSNR/channels\1bf24fd2-3346-429c-8774-e86157f3af2f_processed_image_10.png
328,235,2,47761.9140625,6,./image_sets/Yuang-MDA-MB-231-Cells-HighSNR/channels\1bf24fd2-3346-429c-8774-e86157f3af2f_processed_image_10.png
329,237,1,48168.3984375,6,./image_sets/Yuang-MDA-MB-231-Cells-HighSNR/channels\1bf24fd2-3346-429c-8774-e86157f3af2f_processed_image_10.png
330,239,2,48574.8828125,6,./image_sets/Yuang-MDA-MB-231-Cells-HighSNR/channels\1bf24fd2-3346-429c-8774-e86157f3af2f_processed_image_10.png
331,244,1,49591.09375,6,./image_sets/Yuang-MDA-MB-231-Cells-HighSNR/channels\1bf24fd2-3346-429c-8774-e86157f3af2f_processed_image_10.png
332,246,1,49997.578125,6,./image_sets/Yuang-MDA-MB-231-Cells-HighSNR/channels\1bf24fd2-3346-429c-8774-e86157f3af2f_processed_image_10.png
333,249,1,50607.3046875,6,./image_sets/Yuang-MDA-MB-231-Cells-HighSNR/channels\1bf24fd2-3346-429c-8774-e86157f3af2f_processed_image_10.png
334,252,2,51217.03125,6,./image_sets/Yuang-MDA-MB-231-Cells-HighSNR/channels\1bf24fd2-3346-429c-8774-e86157f3af2f_processed_image_10.png
335,10,1,2163.359375,7,./image_sets/Yuang-MDA-MB-231-Cells-HighSNR/channels\1bf24fd2-3346-429c-8774-e86157f3af2f_processed_image_6.png
336,18,1339110,3894.046875,7,./image_sets/Yuang-MDA-MB-231-Cells-HighSNR/channels\1bf24fd2-3346-429c-8774-e86157f3af2f_processed_image_6.png
337,46,12,9951.453125,7,./image_sets/Yuang-MDA-MB-231-Cells-HighSNR/channels\1bf24fd2-3346-429c-8774-e86157f3af2f_processed_image_6.png
338,48,12,10384.125,7,./image_sets/Yuang-MDA-MB-231-Cells-HighSNR/channels\1bf24fd2-3346-429c-8774-e86157f3af2f_processed_image_6.png
339,50,11,10816.796875,7,./image_sets/Yuang-MDA-MB-231-Cells-HighSNR/channels\1bf24fd2-3346-429c-8774-e86157f3af2f_processed_image_6.png
340,53,6,11465.8046875,7,./image_sets/Yuang-MDA-MB-231-Cells-HighSNR/channels\1bf24fd2-3346-429c-8774-e86157f3af2f_processed_image_6.png
341,56,5,12114.8125,7,./image_sets/Yuang-MDA-MB-231-Cells-HighSNR/channels\1bf24fd2-3346-429c-8774-e86157f3af2f_processed_image_6.png
342,58,4,12547.484375,7,./image_sets/Yuang-MDA-MB-231-Cells-HighSNR/channels\1bf24fd2-3346-429c-8774-e86157f3af2f_processed_image_6.png
343,60,2,12980.15625,7,./image_sets/Yuang-MDA-MB-231-Cells-HighSNR/channels\1bf24fd2-3346-429c-8774-e86157f3af2f_processed_image_6.png
344,66,4,14278.171875,7,./image_sets/Yuang-MDA-MB-231-Cells-HighSNR/channels\1bf24fd2-3346-429c-8774-e86157f3af2f_processed_image_6.png
345,70,3,15143.515625,7,./image_sets/Yuang-MDA-MB-231-Cells-HighSNR/channels\1bf24fd2-3346-429c-8774-e86157f3af2f_processed_image_6.png
346,72,1,15576.1875,7,./image_sets/Yuang-MDA-MB-231-Cells-HighSNR/channels\1bf24fd2-3346-429c-8774-e86157f3af2f_processed_image_6.png
347,74,2,16008.859375,7,./image_sets/Yuang-MDA-MB-231-Cells-HighSNR/channels\1bf24fd2-3346-429c-8774-e86157f3af2f_processed_image_6.png
348,76,3,16441.53125,7,./image_sets/Yuang-MDA-MB-231-Cells-HighSNR/channels\1bf24fd2-3346-429c-8774-e86157f3af2f_processed_image_6.png
349,79,2,17090.5390625,7,./image_sets/Yuang-MDA-MB-231-Cells-HighSNR/channels\1bf24fd2-3346-429c-8774-e86157f3af2f_processed_image_6.png
350,84,1,18172.21875,7,./image_sets/Yuang-MDA-MB-231-Cells-HighSNR/channels\1bf24fd2-3346-429c-8774-e86157f3af2f_processed_image_6.png
351,90,2,19470.234375,7,./image_sets/Yuang-MDA-MB-231-Cells-HighSNR/channels\1bf24fd2-3346-429c-8774-e86157f3af2f_processed_image_6.png
352,92,2,19902.90625,7,./image_sets/Yuang-MDA-MB-231-Cells-HighSNR/channels\1bf24fd2-3346-429c-8774-e86157f3af2f_processed_image_6.png
353,97,3,20984.5859375,7,./image_sets/Yuang-MDA-MB-231-Cells-HighSNR/channels\1bf24fd2-3346-429c-8774-e86157f3af2f_processed_image_6.png
354,109,2,23580.6171875,7,./image_sets/Yuang-MDA-MB-231-Cells-HighSNR/channels\1bf24fd2-3346-429c-8774-e86157f3af2f_processed_image_6.png
355,112,3,24229.625,7,./image_sets/Yuang-MDA-MB-231-Cells-HighSNR/channels\1bf24fd2-3346-429c-8774-e86157f3af2f_processed_image_6.png
356,116,3,25094.96875,7,./image_sets/Yuang-MDA-MB-231-Cells-HighSNR/channels\1bf24fd2-3346-429c-8774-e86157f3af2f_processed_image_6.png
357,120,3,25960.3125,7,./image_sets/Yuang-MDA-MB-231-Cells-HighSNR/channels\1bf24fd2-3346-429c-8774-e86157f3af2f_processed_image_6.png
358,122,1,26392.984375,7,./image_sets/Yuang-MDA-MB-231-Cells-HighSNR/channels\1bf24fd2-3346-429c-8774-e86157f3af2f_processed_image_6.png
359,125,1,27041.9921875,7,./image_sets/Yuang-MDA-MB-231-Cells-HighSNR/channels\1bf24fd2-3346-429c-8774-e86157f3af2f_processed_image_6.png
360,139,1,30070.6953125,7,./image_sets/Yuang-MDA-MB-231-Cells-HighSNR/channels\1bf24fd2-3346-429c-8774-e86157f3af2f_processed_image_6.png
361,143,1,30936.0390625,7,./image_sets/Yuang-MDA-MB-231-Cells-HighSNR/channels\1bf24fd2-3346-429c-8774-e86157f3af2f_processed_image_6.png
362,146,1,31585.046875,7,./image_sets/Yuang-MDA-MB-231-Cells-HighSNR/channels\1bf24fd2-3346-429c-8774-e86157f3af2f_processed_image_6.png
363,149,2,32234.0546875,7,./image_sets/Yuang-MDA-MB-231-Cells-HighSNR/channels\1bf24fd2-3346-429c-8774-e86157f3af2f_processed_image_6.png
364,152,3,32883.0625,7,./image_sets/Yuang-MDA-MB-231-Cells-HighSNR/channels\1bf24fd2-3346-429c-8774-e86157f3af2f_processed_image_6.png
365,159,2,34397.4140625,7,./image_sets/Yuang-MDA-MB-231-Cells-HighSNR/channels\1bf24fd2-3346-429c-8774-e86157f3af2f_processed_image_6.png
366,164,3,35479.09375,7,./image_sets/Yuang-MDA-MB-231-Cells-HighSNR/channels\1bf24fd2-3346-429c-8774-e86157f3af2f_processed_image_6.png
367,167,1,36128.1015625,7,./image_sets/Yuang-MDA-MB-231-Cells-HighSNR/channels\1bf24fd2-3346-429c-8774-e86157f3af2f_processed_image_6.png
368,169,2,36560.7734375,7,./image_sets/Yuang-MDA-MB-231-Cells-HighSNR/channels\1bf24fd2-3346-429c-8774-e86157f3af2f_processed_image_6.png
369,175,1,37858.7890625,7,./image_sets/Yuang-MDA-MB-231-Cells-HighSNR/channels\1bf24fd2-3346-429c-8774-e86157f3af2f_processed_image_6.png
370,196,2,42401.84375,7,./image_sets/Yuang-MDA-MB-231-Cells-HighSNR/channels\1bf24fd2-3346-429c-8774-e86157f3af2f_processed_image_6.png
371,200,1,43267.1875,7,./image_sets/Yuang-MDA-MB-231-Cells-HighSNR/channels\1bf24fd2-3346-429c-8774-e86157f3af2f_processed_image_6.png
372,202,1,43699.859375,7,./image_sets/Yuang-MDA-MB-231-Cells-HighSNR/channels\1bf24fd2-3346-429c-8774-e86157f3af2f_processed_image_6.png
373,208,1,44997.875,7,./image_sets/Yuang-MDA-MB-231-Cells-HighSNR/channels\1bf24fd2-3346-429c-8774-e86157f3af2f_processed_image_6.png
374,213,1,46079.5546875,7,./image_sets/Yuang-MDA-MB-231-Cells-HighSNR/channels\1bf24fd2-3346-429c-8774-e86157f3af2f_processed_image_6.png
375,216,1,46728.5625,7,./image_sets/Yuang-MDA-MB-231-Cells-HighSNR/channels\1bf24fd2-3346-429c-8774-e86157f3af2f_processed_image_6.png
376,220,2,47593.90625,7,./image_sets/Yuang-MDA-MB-231-Cells-HighSNR/channels\1bf24fd2-3346-429c-8774-e86157f3af2f_processed_image_6.png
377,224,3,48459.25,7,./image_sets/Yuang-MDA-MB-231-Cells-HighSNR/channels\1bf24fd2-3346-429c-8774-e86157f3af2f_processed_image_6.png
378,239,1,51704.2890625,7,./image_sets/Yuang-MDA-MB-231-Cells-HighSNR/channels\1bf24fd2-3346-429c-8774-e86157f3af2f_processed_image_6.png
379,246,1,53218.640625,7,./image_sets/Yuang-MDA-MB-231-Cells-HighSNR/channels\1bf24fd2-3346-429c-8774-e86157f3af2f_processed_image_6.png
380,250,2,54083.984375,7,./image_sets/Yuang-MDA-MB-231-Cells-HighSNR/channels\1bf24fd2-3346-429c-8774-e86157f3af2f_processed_image_6.png
381,18,1413509,4248.703125,8,./image_sets/Yuang-MDA-MB-231-Cells-HighSNR/channels\1bf24fd2-3346-429c-8774-e86157f3af2f_processed_image_7.png
382,61,127,14398.3828125,8,./image_sets/Yuang-MDA-MB-231-Cells-HighSNR/channels\1bf24fd2-3346-429c-8774-e86157f3af2f_processed_image_7.png
383,63,100,14870.4609375,8,./image_sets/Yuang-MDA-MB-231-Cells-HighSNR/channels\1bf24fd2-3346-429c-8774-e86157f3af2f_processed_image_7.png
384,65,80,15342.5390625,8,./image_sets/Yuang-MDA-MB-231-Cells-HighSNR/channels\1bf24fd2-3346-429c-8774-e86157f3af2f_processed_image_7.png
385,81,15,19119.1640625,8,./image_sets/Yuang-MDA-MB-231-Cells-HighSNR/channels\1bf24fd2-3346-429c-8774-e86157f3af2f_processed_image_7.png
386,86,17,20299.359375,8,./image_sets/Yuang-MDA-MB-231-Cells-HighSNR/channels\1bf24fd2-3346-429c-8774-e86157f3af2f_processed_image_7.png
387,88,12,20771.4375,8,./image_sets/Yuang-MDA-MB-231-Cells-HighSNR/channels\1bf24fd2-3346-429c-8774-e86157f3af2f_processed_image_7.png
388,90,9,21243.515625,8,./image_sets/Yuang-MDA-MB-231-Cells-HighSNR/channels\1bf24fd2-3346-429c-8774-e86157f3af2f_processed_image_7.png
389,92,13,21715.59375,8,./image_sets/Yuang-MDA-MB-231-Cells-HighSNR/channels\1bf24fd2-3346-429c-8774-e86157f3af2f_processed_image_7.png
390,99,8,23367.8671875,8,./image_sets/Yuang-MDA-MB-231-Cells-HighSNR/channels\1bf24fd2-3346-429c-8774-e86157f3af2f_processed_image_7.png
391,101,8,23839.9453125,8,./image_sets/Yuang-MDA-MB-231-Cells-HighSNR/channels\1bf24fd2-3346-429c-8774-e86157f3af2f_processed_image_7.png
392,106,5,25020.140625,8,./image_sets/Yuang-MDA-MB-231-Cells-HighSNR/channels\1bf24fd2-3346-429c-8774-e86157f3af2f_processed_image_7.png
393,111,7,26200.3359375,8,./image_sets/Yuang-MDA-MB-231-Cells-HighSNR/channels\1bf24fd2-3346-429c-8774-e86157f3af2f_processed_image_7.png
394,115,6,27144.4921875,8,./image_sets/Yuang-MDA-MB-231-Cells-HighSNR/channels\1bf24fd2-3346-429c-8774-e86157f3af2f_processed_image_7.png
395,122,6,28796.765625,8,./image_sets/Yuang-MDA-MB-231-Cells-HighSNR/channels\1bf24fd2-3346-429c-8774-e86157f3af2f_processed_image_7.png
396,126,5,29740.921875,8,./image_sets/Yuang-MDA-MB-231-Cells-HighSNR/channels\1bf24fd2-3346-429c-8774-e86157f3af2f_processed_image_7.png
397,130,5,30685.078125,8,./image_sets/Yuang-MDA-MB-231-Cells-HighSNR/channels\1bf24fd2-3346-429c-8774-e86157f3af2f_processed_image_7.png
398,136,6,32101.3125,8,./image_sets/Yuang-MDA-MB-231-Cells-HighSNR/channels\1bf24fd2-3346-429c-8774-e86157f3af2f_processed_image_7.png
399,140,4,33045.46875,8,./image_sets/Yuang-MDA-MB-231-Cells-HighSNR/channels\1bf24fd2-3346-429c-8774-e86157f3af2f_processed_image_7.png
400,143,4,33753.5859375,8,./image_sets/Yuang-MDA-MB-231-Cells-HighSNR/channels\1bf24fd2-3346-429c-8774-e86157f3af2f_processed_image_7.png
401,154,3,36350.015625,8,./image_sets/Yuang-MDA-MB-231-Cells-HighSNR/channels\1bf24fd2-3346-429c-8774-e86157f3af2f_processed_image_7.png
402,165,2,38946.4453125,8,./image_sets/Yuang-MDA-MB-231-Cells-HighSNR/channels\1bf24fd2-3346-429c-8774-e86157f3af2f_processed_image_7.png
403,167,2,39418.5234375,8,./image_sets/Yuang-MDA-MB-231-Cells-HighSNR/channels\1bf24fd2-3346-429c-8774-e86157f3af2f_processed_image_7.png
404,173,2,40834.7578125,8,./image_sets/Yuang-MDA-MB-231-Cells-HighSNR/channels\1bf24fd2-3346-429c-8774-e86157f3af2f_processed_image_7.png
405,179,2,42250.9921875,8,./image_sets/Yuang-MDA-MB-231-Cells-HighSNR/channels\1bf24fd2-3346-429c-8774-e86157f3af2f_processed_image_7.png
406,183,2,43195.1484375,8,./image_sets/Yuang-MDA-MB-231-Cells-HighSNR/channels\1bf24fd2-3346-429c-8774-e86157f3af2f_processed_image_7.png
407,185,2,43667.2265625,8,./image_sets/Yuang-MDA-MB-231-Cells-HighSNR/channels\1bf24fd2-3346-429c-8774-e86157f3af2f_processed_image_7.png
408,189,2,44611.3828125,8,./image_sets/Yuang-MDA-MB-231-Cells-HighSNR/channels\1bf24fd2-3346-429c-8774-e86157f3af2f_processed_image_7.png
409,193,1,45555.5390625,8,./image_sets/Yuang-MDA-MB-231-Cells-HighSNR/channels\1bf24fd2-3346-429c-8774-e86157f3af2f_processed_image_7.png
410,196,2,46263.65625,8,./image_sets/Yuang-MDA-MB-231-Cells-HighSNR/channels\1bf24fd2-3346-429c-8774-e86157f3af2f_processed_image_7.png
411,198,2,46735.734375,8,./image_sets/Yuang-MDA-MB-231-Cells-HighSNR/channels\1bf24fd2-3346-429c-8774-e86157f3af2f_processed_image_7.png
412,213,2,50276.3203125,8,./image_sets/Yuang-MDA-MB-231-Cells-HighSNR/channels\1bf24fd2-3346-429c-8774-e86157f3af2f_processed_image_7.png
413,223,1,52636.7109375,8,./image_sets/Yuang-MDA-MB-231-Cells-HighSNR/channels\1bf24fd2-3346-429c-8774-e86157f3af2f_processed_image_7.png
414,230,2,54288.984375,8,./image_sets/Yuang-MDA-MB-231-Cells-HighSNR/channels\1bf24fd2-3346-429c-8774-e86157f3af2f_processed_image_7.png
415,232,3,54761.0625,8,./image_sets/Yuang-MDA-MB-231-Cells-HighSNR/channels\1bf24fd2-3346-429c-8774-e86157f3af2f_processed_image_7.png
416,238,1,56177.296875,8,./image_sets/Yuang-MDA-MB-231-Cells-HighSNR/channels\1bf24fd2-3346-429c-8774-e86157f3af2f_processed_image_7.png
417,246,2,58065.609375,8,./image_sets/Yuang-MDA-MB-231-Cells-HighSNR/channels\1bf24fd2-3346-429c-8774-e86157f3af2f_processed_image_7.png
418,23,1016903,4581.8515625,9,./image_sets/Yuang-MDA-MB-231-Cells-HighSNR/channels\1bf24fd2-3346-429c-8774-e86157f3af2f_processed_image_8.png
419,74,550,14741.609375,9,./image_sets/Yuang-MDA-MB-231-Cells-HighSNR/channels\1bf24fd2-3346-429c-8774-e86157f3af2f_processed_image_8.png
420,80,358,15936.875,9,./image_sets/Yuang-MDA-MB-231-Cells-HighSNR/channels\1bf24fd2-3346-429c-8774-e86157f3af2f_processed_image_8.png
421,83,296,16534.5078125,9,./image_sets/Yuang-MDA-MB-231-Cells-HighSNR/channels\1bf24fd2-3346-429c-8774-e86157f3af2f_processed_image_8.png
422,85,270,16932.9296875,9,./image_sets/Yuang-MDA-MB-231-Cells-HighSNR/channels\1bf24fd2-3346-429c-8774-e86157f3af2f_processed_image_8.png
423,87,229,17331.3515625,9,./image_sets/Yuang-MDA-MB-231-Cells-HighSNR/channels\1bf24fd2-3346-429c-8774-e86157f3af2f_processed_image_8.png
424,95,154,18925.0390625,9,./image_sets/Yuang-MDA-MB-231-Cells-HighSNR/channels\1bf24fd2-3346-429c-8774-e86157f3af2f_processed_image_8.png
425,100,106,19921.09375,9,./image_sets/Yuang-MDA-MB-231-Cells-HighSNR/channels\1bf24fd2-3346-429c-8774-e86157f3af2f_processed_image_8.png
426,102,105,20319.515625,9,./image_sets/Yuang-MDA-MB-231-Cells-HighSNR/channels\1bf24fd2-3346-429c-8774-e86157f3af2f_processed_image_8.png
427,105,99,20917.1484375,9,./image_sets/Yuang-MDA-MB-231-Cells-HighSNR/channels\1bf24fd2-3346-429c-8774-e86157f3af2f_processed_image_8.png
428,107,80,21315.5703125,9,./image_sets/Yuang-MDA-MB-231-Cells-HighSNR/channels\1bf24fd2-3346-429c-8774-e86157f3af2f_processed_image_8.png
429,111,71,22112.4140625,9,./image_sets/Yuang-MDA-MB-231-Cells-HighSNR/channels\1bf24fd2-3346-429c-8774-e86157f3af2f_processed_image_8.png
430,113,72,22510.8359375,9,./image_sets/Yuang-MDA-MB-231-Cells-HighSNR/channels\1bf24fd2-3346-429c-8774-e86157f3af2f_processed_image_8.png
431,121,52,24104.5234375,9,./image_sets/Yuang-MDA-MB-231-Cells-HighSNR/channels\1bf24fd2-3346-429c-8774-e86157f3af2f_processed_image_8.png
432,123,45,24502.9453125,9,./image_sets/Yuang-MDA-MB-231-Cells-HighSNR/channels\1bf24fd2-3346-429c-8774-e86157f3af2f_processed_image_8.png
433,126,37,25100.578125,9,./image_sets/Yuang-MDA-MB-231-Cells-HighSNR/channels\1bf24fd2-3346-429c-8774-e86157f3af2f_processed_image_8.png
434,128,34,25499.0,9,./image_sets/Yuang-MDA-MB-231-Cells-HighSNR/channels\1bf24fd2-3346-429c-8774-e86157f3af2f_processed_image_8.png
435,131,28,26096.6328125,9,./image_sets/Yuang-MDA-MB-231-Cells-HighSNR/channels\1bf24fd2-3346-429c-8774-e86157f3af2f_processed_image_8.png
436,134,23,26694.265625,9,./image_sets/Yuang-MDA-MB-231-Cells-HighSNR/channels\1bf24fd2-3346-429c-8774-e86157f3af2f_processed_image_8.png
437,141,12,28088.7421875,9,./image_sets/Yuang-MDA-MB-231-Cells-HighSNR/channels\1bf24fd2-3346-429c-8774-e86157f3af2f_processed_image_8.png
438,143,20,28487.1640625,9,./image_sets/Yuang-MDA-MB-231-Cells-HighSNR/channels\1bf24fd2-3346-429c-8774-e86157f3af2f_processed_image_8.png
439,149,12,29682.4296875,9,./image_sets/Yuang-MDA-MB-231-Cells-HighSNR/channels\1bf24fd2-3346-429c-8774-e86157f3af2f_processed_image_8.png
440,152,10,30280.0625,9,./image_sets/Yuang-MDA-MB-231-Cells-HighSNR/channels\1bf24fd2-3346-429c-8774-e86157f3af2f_processed_image_8.png
441,155,11,30877.6953125,9,./image_sets/Yuang-MDA-MB-231-Cells-HighSNR/channels\1bf24fd2-3346-429c-8774-e86157f3af2f_processed_image_8.png
442,159,16,31674.5390625,9,./image_sets/Yuang-MDA-MB-231-Cells-HighSNR/channels\1bf24fd2-3346-429c-8774-e86157f3af2f_processed_image_8.png
443,162,17,32272.171875,9,./image_sets/Yuang-MDA-MB-231-Cells-HighSNR/channels\1bf24fd2-3346-429c-8774-e86157f3af2f_processed_image_8.png
444,166,14,33069.015625,9,./image_sets/Yuang-MDA-MB-231-Cells-HighSNR/channels\1bf24fd2-3346-429c-8774-e86157f3af2f_processed_image_8.png
445,171,10,34065.0703125,9,./image_sets/Yuang-MDA-MB-231-Cells-HighSNR/channels\1bf24fd2-3346-429c-8774-e86157f3af2f_processed_image_8.png
446,174,9,34662.703125,9,./image_sets/Yuang-MDA-MB-231-Cells-HighSNR/channels\1bf24fd2-3346-429c-8774-e86157f3af2f_processed_image_8.png
447,178,10,35459.546875,9,./image_sets/Yuang-MDA-MB-231-Cells-HighSNR/channels\1bf24fd2-3346-429c-8774-e86157f3af2f_processed_image_8.png
448,184,6,36654.8125,9,./image_sets/Yuang-MDA-MB-231-Cells-HighSNR/channels\1bf24fd2-3346-429c-8774-e86157f3af2f_processed_image_8.png
449,187,6,37252.4453125,9,./image_sets/Yuang-MDA-MB-231-Cells-HighSNR/channels\1bf24fd2-3346-429c-8774-e86157f3af2f_processed_image_8.png
450,189,8,37650.8671875,9,./image_sets/Yuang-MDA-MB-231-Cells-HighSNR/channels\1bf24fd2-3346-429c-8774-e86157f3af2f_processed_image_8.png
451,191,6,38049.2890625,9,./image_sets/Yuang-MDA-MB-231-Cells-HighSNR/channels\1bf24fd2-3346-429c-8774-e86157f3af2f_processed_image_8.png
452,194,7,38646.921875,9,./image_sets/Yuang-MDA-MB-231-Cells-HighSNR/channels\1bf24fd2-3346-429c-8774-e86157f3af2f_processed_image_8.png
453,199,4,39642.9765625,9,./image_sets/Yuang-MDA-MB-231-Cells-HighSNR/channels\1bf24fd2-3346-429c-8774-e86157f3af2f_processed_image_8.png
454,201,7,40041.3984375,9,./image_sets/Yuang-MDA-MB-231-Cells-HighSNR/channels\1bf24fd2-3346-429c-8774-e86157f3af2f_processed_image_8.png
455,204,3,40639.03125,9,./image_sets/Yuang-MDA-MB-231-Cells-HighSNR/channels\1bf24fd2-3346-429c-8774-e86157f3af2f_processed_image_8.png
456,209,9,41635.0859375,9,./image_sets/Yuang-MDA-MB-231-Cells-HighSNR/channels\1bf24fd2-3346-429c-8774-e86157f3af2f_processed_image_8.png
457,212,4,42232.71875,9,./image_sets/Yuang-MDA-MB-231-Cells-HighSNR/channels\1bf24fd2-3346-429c-8774-e86157f3af2f_processed_image_8.png
458,214,4,42631.140625,9,./image_sets/Yuang-MDA-MB-231-Cells-HighSNR/channels\1bf24fd2-3346-429c-8774-e86157f3af2f_processed_image_8.png
459,216,3,43029.5625,9,./image_sets/Yuang-MDA-MB-231-Cells-HighSNR/channels\1bf24fd2-3346-429c-8774-e86157f3af2f_processed_image_8.png
460,219,4,43627.1953125,9,./image_sets/Yuang-MDA-MB-231-Cells-HighSNR/channels\1bf24fd2-3346-429c-8774-e86157f3af2f_processed_image_8.png
461,222,4,44224.828125,9,./image_sets/Yuang-MDA-MB-231-Cells-HighSNR/channels\1bf24fd2-3346-429c-8774-e86157f3af2f_processed_image_8.png
462,224,3,44623.25,9,./image_sets/Yuang-MDA-MB-231-Cells-HighSNR/channels\1bf24fd2-3346-429c-8774-e86157f3af2f_processed_image_8.png
463,226,4,45021.671875,9,./image_sets/Yuang-MDA-MB-231-Cells-HighSNR/channels\1bf24fd2-3346-429c-8774-e86157f3af2f_processed_image_8.png
464,229,5,45619.3046875,9,./image_sets/Yuang-MDA-MB-231-Cells-HighSNR/channels\1bf24fd2-3346-429c-8774-e86157f3af2f_processed_image_8.png
465,239,3,47611.4140625,9,./image_sets/Yuang-MDA-MB-231-Cells-HighSNR/channels\1bf24fd2-3346-429c-8774-e86157f3af2f_processed_image_8.png
466,243,3,48408.2578125,9,./image_sets/Yuang-MDA-MB-231-Cells-HighSNR/channels\1bf24fd2-3346-429c-8774-e86157f3af2f_processed_image_8.png
467,245,3,48806.6796875,9,./image_sets/Yuang-MDA-MB-231-Cells-HighSNR/channels\1bf24fd2-3346-429c-8774-e86157f3af2f_processed_image_8.png
468,250,2,49802.734375,9,./image_sets/Yuang-MDA-MB-231-Cells-HighSNR/channels\1bf24fd2-3346-429c-8774-e86157f3af2f_processed_image_8.png
469,16,1,3120.1875,10,./image_sets/Yuang-MDA-MB-231-Cells-HighSNR/channels\1bf24fd2-3346-429c-8774-e86157f3af2f_processed_image_9.png
470,25,895446,4875.29296875,10,./image_sets/Yuang-MDA-MB-231-Cells-HighSNR/channels\1bf24fd2-3346-429c-8774-e86157f3af2f_processed_image_9.png
471,87,389,16966.01953125,10,./image_sets/Yuang-MDA-MB-231-Cells-HighSNR/channels\1bf24fd2-3346-429c-8774-e86157f3af2f_processed_image_9.png
472,89,388,17356.04296875,10,./image_sets/Yuang-MDA-MB-231-Cells-HighSNR/channels\1bf24fd2-3346-429c-8774-e86157f3af2f_processed_image_9.png
473,92,296,17941.078125,10,./image_sets/Yuang-MDA-MB-231-Cells-HighSNR/channels\1bf24fd2-3346-429c-8774-e86157f3af2f_processed_image_9.png
474,98,214,19111.1484375,10,./image_sets/Yuang-MDA-MB-231-Cells-HighSNR/channels\1bf24fd2-3346-429c-8774-e86157f3af2f_processed_image_9.png
475,100,209,19501.171875,10,./image_sets/Yuang-MDA-MB-231-Cells-HighSNR/channels\1bf24fd2-3346-429c-8774-e86157f3af2f_processed_image_9.png
476,103,192,20086.20703125,10,./image_sets/Yuang-MDA-MB-231-Cells-HighSNR/channels\1bf24fd2-3346-429c-8774-e86157f3af2f_processed_image_9.png
477,107,138,20866.25390625,10,./image_sets/Yuang-MDA-MB-231-Cells-HighSNR/channels\1bf24fd2-3346-429c-8774-e86157f3af2f_processed_image_9.png
478,110,134,21451.2890625,10,./image_sets/Yuang-MDA-MB-231-Cells-HighSNR/channels\1bf24fd2-3346-429c-8774-e86157f3af2f_processed_image_9.png
479,116,93,22621.359375,10,./image_sets/Yuang-MDA-MB-231-Cells-HighSNR/channels\1bf24fd2-3346-429c-8774-e86157f3af2f_processed_image_9.png
480,119,107,23206.39453125,10,./image_sets/Yuang-MDA-MB-231-Cells-HighSNR/channels\1bf24fd2-3346-429c-8774-e86157f3af2f_processed_image_9.png
481,121,95,23596.41796875,10,./image_sets/Yuang-MDA-MB-231-Cells-HighSNR/channels\1bf24fd2-3346-429c-8774-e86157f3af2f_processed_image_9.png
482,125,91,24376.46484375,10,./image_sets/Yuang-MDA-MB-231-Cells-HighSNR/channels\1bf24fd2-3346-429c-8774-e86157f3af2f_processed_image_9.png
483,127,89,24766.48828125,10,./image_sets/Yuang-MDA-MB-231-Cells-HighSNR/channels\1bf24fd2-3346-429c-8774-e86157f3af2f_processed_image_9.png
484,134,67,26131.5703125,10,./image_sets/Yuang-MDA-MB-231-Cells-HighSNR/channels\1bf24fd2-3346-429c-8774-e86157f3af2f_processed_image_9.png
485,136,66,26521.59375,10,./image_sets/Yuang-MDA-MB-231-Cells-HighSNR/channels\1bf24fd2-3346-429c-8774-e86157f3af2f_processed_image_9.png
486,140,61,27301.640625,10,./image_sets/Yuang-MDA-MB-231-Cells-HighSNR/channels\1bf24fd2-3346-429c-8774-e86157f3af2f_processed_image_9.png
487,142,53,27691.6640625,10,./image_sets/Yuang-MDA-MB-231-Cells-HighSNR/channels\1bf24fd2-3346-429c-8774-e86157f3af2f_processed_image_9.png
488,144,58,28081.6875,10,./image_sets/Yuang-MDA-MB-231-Cells-HighSNR/channels\1bf24fd2-3346-429c-8774-e86157f3af2f_processed_image_9.png
489,146,56,28471.7109375,10,./image_sets/Yuang-MDA-MB-231-Cells-HighSNR/channels\1bf24fd2-3346-429c-8774-e86157f3af2f_processed_image_9.png
490,148,53,28861.734375,10,./image_sets/Yuang-MDA-MB-231-Cells-HighSNR/channels\1bf24fd2-3346-429c-8774-e86157f3af2f_processed_image_9.png
491,150,41,29251.7578125,10,./image_sets/Yuang-MDA-MB-231-Cells-HighSNR/channels\1bf24fd2-3346-429c-8774-e86157f3af2f_processed_image_9.png
492,154,46,30031.8046875,10,./image_sets/Yuang-MDA-MB-231-Cells-HighSNR/channels\1bf24fd2-3346-429c-8774-e86157f3af2f_processed_image_9.png
493,157,52,30616.83984375,10,./image_sets/Yuang-MDA-MB-231-Cells-HighSNR/channels\1bf24fd2-3346-429c-8774-e86157f3af2f_processed_image_9.png
494,160,50,31201.875,10,./image_sets/Yuang-MDA-MB-231-Cells-HighSNR/channels\1bf24fd2-3346-429c-8774-e86157f3af2f_processed_image_9.png
495,164,46,31981.921875,10,./image_sets/Yuang-MDA-MB-231-Cells-HighSNR/channels\1bf24fd2-3346-429c-8774-e86157f3af2f_processed_image_9.png
496,167,41,32566.95703125,10,./image_sets/Yuang-MDA-MB-231-Cells-HighSNR/channels\1bf24fd2-3346-429c-8774-e86157f3af2f_processed_image_9.png
497,171,28,33347.00390625,10,./image_sets/Yuang-MDA-MB-231-Cells-HighSNR/channels\1bf24fd2-3346-429c-8774-e86157f3af2f_processed_image_9.png
498,173,27,33737.02734375,10,./image_sets/Yuang-MDA-MB-231-Cells-HighSNR/channels\1bf24fd2-3346-429c-8774-e86157f3af2f_processed_image_9.png
499,176,24,34322.0625,10,./image_sets/Yuang-MDA-MB-231-Cells-HighSNR/channels\1bf24fd2-3346-429c-8774-e86157f3af2f_processed_image_9.png
500,181,18,35297.12109375,10,./image_sets/Yuang-MDA-MB-231-Cells-HighSNR/channels\1bf24fd2-3346-429c-8774-e86157f3af2f_processed_image_9.png
501,184,15,35882.15625,10,./image_sets/Yuang-MDA-MB-231-Cells-HighSNR/channels\1bf24fd2-3346-429c-8774-e86157f3af2f_processed_image_9.png
502,186,14,36272.1796875,10,./image_sets/Yuang-MDA-MB-231-Cells-HighSNR/channels\1bf24fd2-3346-429c-8774-e86157f3af2f_processed_image_9.png
503,188,19,36662.203125,10,./image_sets/Yuang-MDA-MB-231-Cells-HighSNR/channels\1bf24fd2-3346-429c-8774-e86157f3af2f_processed_image_9.png
504,196,14,38222.296875,10,./image_sets/Yuang-MDA-MB-231-Cells-HighSNR/channels\1bf24fd2-3346-429c-8774-e86157f3af2f_processed_image_9.png
505,200,13,39002.34375,10,./image_sets/Yuang-MDA-MB-231-Cells-HighSNR/channels\1bf24fd2-3346-429c-8774-e86157f3af2f_processed_image_9.png
506,205,13,39977.40234375,10,./image_sets/Yuang-MDA-MB-231-Cells-HighSNR/channels\1bf24fd2-3346-429c-8774-e86157f3af2f_processed_image_9.png
507,209,8,40757.44921875,10,./image_sets/Yuang-MDA-MB-231-Cells-HighSNR/channels\1bf24fd2-3346-429c-8774-e86157f3af2f_processed_image_9.png
508,213,6,41537.49609375,10,./image_sets/Yuang-MDA-MB-231-Cells-HighSNR/channels\1bf24fd2-3346-429c-8774-e86157f3af2f_processed_image_9.png
509,216,10,42122.53125,10,./image_sets/Yuang-MDA-MB-231-Cells-HighSNR/channels\1bf24fd2-3346-429c-8774-e86157f3af2f_processed_image_9.png
510,220,6,42902.578125,10,./image_sets/Yuang-MDA-MB-231-Cells-HighSNR/channels\1bf24fd2-3346-429c-8774-e86157f3af2f_processed_image_9.png
511,224,8,43682.625,10,./image_sets/Yuang-MDA-MB-231-Cells-HighSNR/channels\1bf24fd2-3346-429c-8774-e86157f3af2f_processed_image_9.png
512,227,5,44267.66015625,10,./image_sets/Yuang-MDA-MB-231-Cells-HighSNR/channels\1bf24fd2-3346-429c-8774-e86157f3af2f_processed_image_9.png
513,233,5,45437.73046875,10,./image_sets/Yuang-MDA-MB-231-Cells-HighSNR/channels\1bf24fd2-3346-429c-8774-e86157f3af2f_processed_image_9.png
514,238,3,46412.7890625,10,./image_sets/Yuang-MDA-MB-231-Cells-HighSNR/channels\1bf24fd2-3346-429c-8774-e86157f3af2f_processed_image_9.png
515,240,2,46802.8125,10,./image_sets/Yuang-MDA-MB-231-Cells-HighSNR/channels\1bf24fd2-3346-429c-8774-e86157f3af2f_processed_image_9.png
516,242,3,47192.8359375,10,./image_sets/Yuang-MDA-MB-231-Cells-HighSNR/channels\1bf24fd2-3346-429c-8774-e86157f3af2f_processed_image_9.png
517,247,1,48167.89453125,10,./image_sets/Yuang-MDA-MB-231-Cells-HighSNR/channels\1bf24fd2-3346-429c-8774-e86157f3af2f_processed_image_9.png
518,249,3,48557.91796875,10,./image_sets/Yuang-MDA-MB-231-Cells-HighSNR/channels\1bf24fd2-3346-429c-8774-e86157f3af2f_processed_image_9.png
519,253,1,49337.96484375,10,./image_sets/Yuang-MDA-MB-231-Cells-HighSNR/channels\1bf24fd2-3346-429c-8774-e86157f3af2f_processed_image_9.png
520,23,1060490,4491.109375,11,./image_sets/Yuang-MDA-MB-231-Cells-HighSNR/channels\1bf24fd2-3346-429c-8774-e86157f3af2f_processed_image_11.png
521,60,148,11715.9375,11,./image_sets/Yuang-MDA-MB-231-Cells-HighSNR/channels\1bf24fd2-3346-429c-8774-e86157f3af2f_processed_image_11.png
522,62,130,12106.46875,11,./image_sets/Yuang-MDA-MB-231-Cells-HighSNR/channels\1bf24fd2-3346-429c-8774-e86157f3af2f_processed_image_11.png
523,66,109,12887.53125,11,./image_sets/Yuang-MDA-MB-231-Cells-HighSNR/channels\1bf24fd2-3346-429c-8774-e86157f3af2f_processed_image_11.png
524,68,88,13278.0625,11,./image_sets/Yuang-MDA-MB-231-Cells-HighSNR/channels\1bf24fd2-3346-429c-8774-e86157f3af2f_processed_image_11.png
525,71,82,13863.859375,11,./image_sets/Yuang-MDA-MB-231-Cells-HighSNR/channels\1bf24fd2-3346-429c-8774-e86157f3af2f_processed_image_11.png
526,79,52,15425.984375,11,./image_sets/Yuang-MDA-MB-231-Cells-HighSNR/channels\1bf24fd2-3346-429c-8774-e86157f3af2f_processed_image_11.png
527,82,49,16011.78125,11,./image_sets/Yuang-MDA-MB-231-Cells-HighSNR/channels\1bf24fd2-3346-429c-8774-e86157f3af2f_processed_image_11.png
528,86,34,16792.84375,11,./image_sets/Yuang-MDA-MB-231-Cells-HighSNR/channels\1bf24fd2-3346-429c-8774-e86157f3af2f_processed_image_11.png
529,89,32,17378.640625,11,./image_sets/Yuang-MDA-MB-231-Cells-HighSNR/channels\1bf24fd2-3346-429c-8774-e86157f3af2f_processed_image_11.png
530,93,27,18159.703125,11,./image_sets/Yuang-MDA-MB-231-Cells-HighSNR/channels\1bf24fd2-3346-429c-8774-e86157f3af2f_processed_image_11.png
531,98,19,19136.03125,11,./image_sets/Yuang-MDA-MB-231-Cells-HighSNR/channels\1bf24fd2-3346-429c-8774-e86157f3af2f_processed_image_11.png
532,100,19,19526.5625,11,./image_sets/Yuang-MDA-MB-231-Cells-HighSNR/channels\1bf24fd2-3346-429c-8774-e86157f3af2f_processed_image_11.png
533,102,15,19917.09375,11,./image_sets/Yuang-MDA-MB-231-Cells-HighSNR/channels\1bf24fd2-3346-429c-8774-e86157f3af2f_processed_image_11.png
534,106,12,20698.15625,11,./image_sets/Yuang-MDA-MB-231-Cells-HighSNR/channels\1bf24fd2-3346-429c-8774-e86157f3af2f_processed_image_11.png
535,108,7,21088.6875,11,./image_sets/Yuang-MDA-MB-231-Cells-HighSNR/channels\1bf24fd2-3346-429c-8774-e86157f3af2f_processed_image_11.png
536,111,12,21674.484375,11,./image_sets/Yuang-MDA-MB-231-Cells-HighSNR/channels\1bf24fd2-3346-429c-8774-e86157f3af2f_processed_image_11.png
537,114,12,22260.28125,11,./image_sets/Yuang-MDA-MB-231-Cells-HighSNR/channels\1bf24fd2-3346-429c-8774-e86157f3af2f_processed_image_11.png
538,125,6,24408.203125,11,./image_sets/Yuang-MDA-MB-231-Cells-HighSNR/channels\1bf24fd2-3346-429c-8774-e86157f3af2f_processed_image_11.png
539,128,7,24994.0,11,./image_sets/Yuang-MDA-MB-231-Cells-HighSNR/channels\1bf24fd2-3346-429c-8774-e86157f3af2f_processed_image_11.png
540,131,8,25579.796875,11,./image_sets/Yuang-MDA-MB-231-Cells-HighSNR/channels\1bf24fd2-3346-429c-8774-e86157f3af2f_processed_image_11.png
541,133,6,25970.328125,11,./image_sets/Yuang-MDA-MB-231-Cells-HighSNR/channels\1bf24fd2-3346-429c-8774-e86157f3af2f_processed_image_11.png
542,135,2,26360.859375,11,./image_sets/Yuang-MDA-MB-231-Cells-HighSNR/channels\1bf24fd2-3346-429c-8774-e86157f3af2f_processed_image_11.png
543,137,5,26751.390625,11,./image_sets/Yuang-MDA-MB-231-Cells-HighSNR/channels\1bf24fd2-3346-429c-8774-e86157f3af2f_processed_image_11.png
544,140,6,27337.1875,11,./image_sets/Yuang-MDA-MB-231-Cells-HighSNR/channels\1bf24fd2-3346-429c-8774-e86157f3af2f_processed_image_11.png
545,143,4,27922.984375,11,./image_sets/Yuang-MDA-MB-231-Cells-HighSNR/channels\1bf24fd2-3346-429c-8774-e86157f3af2f_processed_image_11.png
546,145,3,28313.515625,11,./image_sets/Yuang-MDA-MB-231-Cells-HighSNR/channels\1bf24fd2-3346-429c-8774-e86157f3af2f_processed_image_11.png
547,153,4,29875.640625,11,./image_sets/Yuang-MDA-MB-231-Cells-HighSNR/channels\1bf24fd2-3346-429c-8774-e86157f3af2f_processed_image_11.png
548,157,4,30656.703125,11,./image_sets/Yuang-MDA-MB-231-Cells-HighSNR/channels\1bf24fd2-3346-429c-8774-e86157f3af2f_processed_image_11.png
549,169,3,32999.890625,11,./image_sets/Yuang-MDA-MB-231-Cells-HighSNR/channels\1bf24fd2-3346-429c-8774-e86157f3af2f_processed_image_11.png
550,172,1,33585.6875,11,./image_sets/Yuang-MDA-MB-231-Cells-HighSNR/channels\1bf24fd2-3346-429c-8774-e86157f3af2f_processed_image_11.png
551,176,3,34366.75,11,./image_sets/Yuang-MDA-MB-231-Cells-HighSNR/channels\1bf24fd2-3346-429c-8774-e86157f3af2f_processed_image_11.png
552,178,2,34757.28125,11,./image_sets/Yuang-MDA-MB-231-Cells-HighSNR/channels\1bf24fd2-3346-429c-8774-e86157f3af2f_processed_image_11.png
553,182,2,35538.34375,11,./image_sets/Yuang-MDA-MB-231-Cells-HighSNR/channels\1bf24fd2-3346-429c-8774-e86157f3af2f_processed_image_11.png
554,187,1,36514.671875,11,./image_sets/Yuang-MDA-MB-231-Cells-HighSNR/channels\1bf24fd2-3346-429c-8774-e86157f3af2f_processed_image_11.png
555,189,4,36905.203125,11,./image_sets/Yuang-MDA-MB-231-Cells-HighSNR/channels\1bf24fd2-3346-429c-8774-e86157f3af2f_processed_image_11.png
556,195,2,38076.796875,11,./image_sets/Yuang-MDA-MB-231-Cells-HighSNR/channels\1bf24fd2-3346-429c-8774-e86157f3af2f_processed_image_11.png
557,198,1,38662.59375,11,./image_sets/Yuang-MDA-MB-231-Cells-HighSNR/channels\1bf24fd2-3346-429c-8774-e86157f3af2f_processed_image_11.png
558,200,1,39053.125,11,./image_sets/Yuang-MDA-MB-231-Cells-HighSNR/channels\1bf24fd2-3346-429c-8774-e86157f3af2f_processed_image_11.png
559,202,2,39443.65625,11,./image_sets/Yuang-MDA-MB-231-Cells-HighSNR/channels\1bf24fd2-3346-429c-8774-e86157f3af2f_processed_image_11.png
560,209,1,40810.515625,11,./image_sets/Yuang-MDA-MB-231-Cells-HighSNR/channels\1bf24fd2-3346-429c-8774-e86157f3af2f_processed_image_11.png
561,213,1,41591.578125,11,./image_sets/Yuang-MDA-MB-231-Cells-HighSNR/channels\1bf24fd2-3346-429c-8774-e86157f3af2f_processed_image_11.png
562,217,1,42372.640625,11,./image_sets/Yuang-MDA-MB-231-Cells-HighSNR/channels\1bf24fd2-3346-429c-8774-e86157f3af2f_processed_image_11.png
563,224,2,43739.5,11,./image_sets/Yuang-MDA-MB-231-Cells-HighSNR/channels\1bf24fd2-3346-429c-8774-e86157f3af2f_processed_image_11.png
564,226,1,44130.03125,11,./image_sets/Yuang-MDA-MB-231-Cells-HighSNR/channels\1bf24fd2-3346-429c-8774-e86157f3af2f_processed_image_11.png
565,229,1,44715.828125,11,./image_sets/Yuang-MDA-MB-231-Cells-HighSNR/channels\1bf24fd2-3346-429c-8774-e86157f3af2f_processed_image_11.png
566,235,2,45887.421875,11,./image_sets/Yuang-MDA-MB-231-Cells-HighSNR/channels\1bf24fd2-3346-429c-8774-e86157f3af2f_processed_image_11.png
567,238,1,46473.21875,11,./image_sets/Yuang-MDA-MB-231-Cells-HighSNR/channels\1bf24fd2-3346-429c-8774-e86157f3af2f_processed_image_11.png
568,243,3,47449.546875,11,./image_sets/Yuang-MDA-MB-231-Cells-HighSNR/channels\1bf24fd2-3346-429c-8774-e86157f3af2f_processed_image_11.png
569,251,1,49011.671875,11,./image_sets/Yuang-MDA-MB-231-Cells-HighSNR/channels\1bf24fd2-3346-429c-8774-e86157f3af2f_processed_image_11.png
570,18,1331609,4452.6796875,12,./image_sets/Yuang-MDA-MB-231-Cells-HighSNR/channels\1bf24fd2-3346-429c-8774-e86157f3af2f_processed_image_12.png
571,56,468,13852.78125,12,./image_sets/Yuang-MDA-MB-231-Cells-HighSNR/channels\1bf24fd2-3346-429c-8774-e86157f3af2f_processed_image_12.png
572,61,327,15089.63671875,12,./image_sets/Yuang-MDA-MB-231-Cells-HighSNR/channels\1bf24fd2-3346-429c-8774-e86157f3af2f_processed_image_12.png
573,69,184,17068.60546875,12,./image_sets/Yuang-MDA-MB-231-Cells-HighSNR/channels\1bf24fd2-3346-429c-8774-e86157f3af2f_processed_image_12.png
574,73,144,18058.08984375,12,./image_sets/Yuang-MDA-MB-231-Cells-HighSNR/channels\1bf24fd2-3346-429c-8774-e86157f3af2f_processed_image_12.png
575,77,127,19047.57421875,12,./image_sets/Yuang-MDA-MB-231-Cells-HighSNR/channels\1bf24fd2-3346-429c-8774-e86157f3af2f_processed_image_12.png
576,80,92,19789.6875,12,./image_sets/Yuang-MDA-MB-231-Cells-HighSNR/channels\1bf24fd2-3346-429c-8774-e86157f3af2f_processed_image_12.png
577,82,77,20284.4296875,12,./image_sets/Yuang-MDA-MB-231-Cells-HighSNR/channels\1bf24fd2-3346-429c-8774-e86157f3af2f_processed_image_12.png
578,85,84,21026.54296875,12,./image_sets/Yuang-MDA-MB-231-Cells-HighSNR/channels\1bf24fd2-3346-429c-8774-e86157f3af2f_processed_image_12.png
579,87,78,21521.28515625,12,./image_sets/Yuang-MDA-MB-231-Cells-HighSNR/channels\1bf24fd2-3346-429c-8774-e86157f3af2f_processed_image_12.png
580,89,75,22016.02734375,12,./image_sets/Yuang-MDA-MB-231-Cells-HighSNR/channels\1bf24fd2-3346-429c-8774-e86157f3af2f_processed_image_12.png
581,91,57,22510.76953125,12,./image_sets/Yuang-MDA-MB-231-Cells-HighSNR/channels\1bf24fd2-3346-429c-8774-e86157f3af2f_processed_image_12.png
582,93,62,23005.51171875,12,./image_sets/Yuang-MDA-MB-231-Cells-HighSNR/channels\1bf24fd2-3346-429c-8774-e86157f3af2f_processed_image_12.png
583,96,45,23747.625,12,./image_sets/Yuang-MDA-MB-231-Cells-HighSNR/channels\1bf24fd2-3346-429c-8774-e86157f3af2f_processed_image_12.png
584,99,53,24489.73828125,12,./image_sets/Yuang-MDA-MB-231-Cells-HighSNR/channels\1bf24fd2-3346-429c-8774-e86157f3af2f_processed_image_12.png
585,101,45,24984.48046875,12,./image_sets/Yuang-MDA-MB-231-Cells-HighSNR/channels\1bf24fd2-3346-429c-8774-e86157f3af2f_processed_image_12.png
586,104,39,25726.59375,12,./image_sets/Yuang-MDA-MB-231-Cells-HighSNR/channels\1bf24fd2-3346-429c-8774-e86157f3af2f_processed_image_12.png
587,106,39,26221.3359375,12,./image_sets/Yuang-MDA-MB-231-Cells-HighSNR/channels\1bf24fd2-3346-429c-8774-e86157f3af2f_processed_image_12.png
588,111,41,27458.19140625,12,./image_sets/Yuang-MDA-MB-231-Cells-HighSNR/channels\1bf24fd2-3346-429c-8774-e86157f3af2f_processed_image_12.png
589,119,34,29437.16015625,12,./image_sets/Yuang-MDA-MB-231-Cells-HighSNR/channels\1bf24fd2-3346-429c-8774-e86157f3af2f_processed_image_12.png
590,122,37,30179.2734375,12,./image_sets/Yuang-MDA-MB-231-Cells-HighSNR/channels\1bf24fd2-3346-429c-8774-e86157f3af2f_processed_image_12.png
591,127,43,31416.12890625,12,./image_sets/Yuang-MDA-MB-231-Cells-HighSNR/channels\1bf24fd2-3346-429c-8774-e86157f3af2f_processed_image_12.png
592,130,38,32158.2421875,12,./image_sets/Yuang-MDA-MB-231-Cells-HighSNR/channels\1bf24fd2-3346-429c-8774-e86157f3af2f_processed_image_12.png
593,132,29,32652.984375,12,./image_sets/Yuang-MDA-MB-231-Cells-HighSNR/channels\1bf24fd2-3346-429c-8774-e86157f3af2f_processed_image_12.png
594,136,18,33642.46875,12,./image_sets/Yuang-MDA-MB-231-Cells-HighSNR/channels\1bf24fd2-3346-429c-8774-e86157f3af2f_processed_image_12.png
595,140,13,34631.953125,12,./image_sets/Yuang-MDA-MB-231-Cells-HighSNR/channels\1bf24fd2-3346-429c-8774-e86157f3af2f_processed_image_12.png
596,143,9,35374.06640625,12,./image_sets/Yuang-MDA-MB-231-Cells-HighSNR/channels\1bf24fd2-3346-429c-8774-e86157f3af2f_processed_image_12.png
597,146,6,36116.1796875,12,./image_sets/Yuang-MDA-MB-231-Cells-HighSNR/channels\1bf24fd2-3346-429c-8774-e86157f3af2f_processed_image_12.png
598,151,4,37353.03515625,12,./image_sets/Yuang-MDA-MB-231-Cells-HighSNR/channels\1bf24fd2-3346-429c-8774-e86157f3af2f_processed_image_12.png
599,154,1,38095.1484375,12,./image_sets/Yuang-MDA-MB-231-Cells-HighSNR/channels\1bf24fd2-3346-429c-8774-e86157f3af2f_processed_image_12.png
600,156,1,38589.890625,12,./image_sets/Yuang-MDA-MB-231-Cells-HighSNR/channels\1bf24fd2-3346-429c-8774-e86157f3af2f_processed_image_12.png
601,164,2,40568.859375,12,./image_sets/Yuang-MDA-MB-231-Cells-HighSNR/channels\1bf24fd2-3346-429c-8774-e86157f3af2f_processed_image_12.png
602,166,3,41063.6015625,12,./image_sets/Yuang-MDA-MB-231-Cells-HighSNR/channels\1bf24fd2-3346-429c-8774-e86157f3af2f_processed_image_12.png
603,171,2,42300.45703125,12,./image_sets/Yuang-MDA-MB-231-Cells-HighSNR/channels\1bf24fd2-3346-429c-8774-e86157f3af2f_processed_image_12.png
604,173,2,42795.19921875,12,./image_sets/Yuang-MDA-MB-231-Cells-HighSNR/channels\1bf24fd2-3346-429c-8774-e86157f3af2f_processed_image_12.png
605,184,3,45516.28125,12,./image_sets/Yuang-MDA-MB-231-Cells-HighSNR/channels\1bf24fd2-3346-429c-8774-e86157f3af2f_processed_image_12.png
606,186,1,46011.0234375,12,./image_sets/Yuang-MDA-MB-231-Cells-HighSNR/channels\1bf24fd2-3346-429c-8774-e86157f3af2f_processed_image_12.png
607,191,1,47247.87890625,12,./image_sets/Yuang-MDA-MB-231-Cells-HighSNR/channels\1bf24fd2-3346-429c-8774-e86157f3af2f_processed_image_12.png
608,201,2,49721.58984375,12,./image_sets/Yuang-MDA-MB-231-Cells-HighSNR/channels\1bf24fd2-3346-429c-8774-e86157f3af2f_processed_image_12.png
609,203,1,50216.33203125,12,./image_sets/Yuang-MDA-MB-231-Cells-HighSNR/channels\1bf24fd2-3346-429c-8774-e86157f3af2f_processed_image_12.png
610,210,3,51947.9296875,12,./image_sets/Yuang-MDA-MB-231-Cells-HighSNR/channels\1bf24fd2-3346-429c-8774-e86157f3af2f_processed_image_12.png
611,219,3,54174.26953125,12,./image_sets/Yuang-MDA-MB-231-Cells-HighSNR/channels\1bf24fd2-3346-429c-8774-e86157f3af2f_processed_image_12.png
612,222,2,54916.3828125,12,./image_sets/Yuang-MDA-MB-231-Cells-HighSNR/channels\1bf24fd2-3346-429c-8774-e86157f3af2f_processed_image_12.png
613,224,2,55411.125,12,./image_sets/Yuang-MDA-MB-231-Cells-HighSNR/channels\1bf24fd2-3346-429c-8774-e86157f3af2f_processed_image_12.png
614,228,1,56400.609375,12,./image_sets/Yuang-MDA-MB-231-Cells-HighSNR/channels\1bf24fd2-3346-429c-8774-e86157f3af2f_processed_image_12.png
615,230,1,56895.3515625,12,./image_sets/Yuang-MDA-MB-231-Cells-HighSNR/channels\1bf24fd2-3346-429c-8774-e86157f3af2f_processed_image_12.png
616,233,2,57637.46484375,12,./image_sets/Yuang-MDA-MB-231-Cells-HighSNR/channels\1bf24fd2-3346-429c-8774-e86157f3af2f_processed_image_12.png
617,237,1,58626.94921875,12,./image_sets/Yuang-MDA-MB-231-Cells-HighSNR/channels\1bf24fd2-3346-429c-8774-e86157f3af2f_processed_image_12.png
618,244,2,60358.546875,12,./image_sets/Yuang-MDA-MB-231-Cells-HighSNR/channels\1bf24fd2-3346-429c-8774-e86157f3af2f_processed_image_12.png
619,247,4,61100.66015625,12,./image_sets/Yuang-MDA-MB-231-Cells-HighSNR/channels\1bf24fd2-3346-429c-8774-e86157f3af2f_processed_image_12.png
620,250,5,61842.7734375,12,./image_sets/Yuang-MDA-MB-231-Cells-HighSNR/channels\1bf24fd2-3346-429c-8774-e86157f3af2f_processed_image_12.png
621,17,1523473,4250.86328125,13,./image_sets/Yuang-MDA-MB-231-Cells-HighSNR/channels\1bf24fd2-3346-429c-8774-e86157f3af2f_processed_image_13.png
622,62,214,15503.1484375,13,./image_sets/Yuang-MDA-MB-231-Cells-HighSNR/channels\1bf24fd2-3346-429c-8774-e86157f3af2f_processed_image_13.png
623,64,212,16003.25,13,./image_sets/Yuang-MDA-MB-231-Cells-HighSNR/channels\1bf24fd2-3346-429c-8774-e86157f3af2f_processed_image_13.png
624,67,152,16753.40234375,13,./image_sets/Yuang-MDA-MB-231-Cells-HighSNR/channels\1bf24fd2-3346-429c-8774-e86157f3af2f_processed_image_13.png
625,71,126,17753.60546875,13,./image_sets/Yuang-MDA-MB-231-Cells-HighSNR/channels\1bf24fd2-3346-429c-8774-e86157f3af2f_processed_image_13.png
626,74,104,18503.7578125,13,./image_sets/Yuang-MDA-MB-231-Cells-HighSNR/channels\1bf24fd2-3346-429c-8774-e86157f3af2f_processed_image_13.png
627,78,69,19503.9609375,13,./image_sets/Yuang-MDA-MB-231-Cells-HighSNR/channels\1bf24fd2-3346-429c-8774-e86157f3af2f_processed_image_13.png
628,84,70,21004.265625,13,./image_sets/Yuang-MDA-MB-231-Cells-HighSNR/channels\1bf24fd2-3346-429c-8774-e86157f3af2f_processed_image_13.png
629,87,61,21754.41796875,13,./image_sets/Yuang-MDA-MB-231-Cells-HighSNR/channels\1bf24fd2-3346-429c-8774-e86157f3af2f_processed_image_13.png
630,89,52,22254.51953125,13,./image_sets/Yuang-MDA-MB-231-Cells-HighSNR/channels\1bf24fd2-3346-429c-8774-e86157f3af2f_processed_image_13.png
631,93,46,23254.72265625,13,./image_sets/Yuang-MDA-MB-231-Cells-HighSNR/channels\1bf24fd2-3346-429c-8774-e86157f3af2f_processed_image_13.png
632,97,37,24254.92578125,13,./image_sets/Yuang-MDA-MB-231-Cells-HighSNR/channels\1bf24fd2-3346-429c-8774-e86157f3af2f_processed_image_13.png
633,99,40,24755.02734375,13,./image_sets/Yuang-MDA-MB-231-Cells-HighSNR/channels\1bf24fd2-3346-429c-8774-e86157f3af2f_processed_image_13.png
634,103,46,25755.23046875,13,./image_sets/Yuang-MDA-MB-231-Cells-HighSNR/channels\1bf24fd2-3346-429c-8774-e86157f3af2f_processed_image_13.png
635,106,34,26505.3828125,13,./image_sets/Yuang-MDA-MB-231-Cells-HighSNR/channels\1bf24fd2-3346-429c-8774-e86157f3af2f_processed_image_13.png
636,110,29,27505.5859375,13,./image_sets/Yuang-MDA-MB-231-Cells-HighSNR/channels\1bf24fd2-3346-429c-8774-e86157f3af2f_processed_image_13.png
637,114,26,28505.7890625,13,./image_sets/Yuang-MDA-MB-231-Cells-HighSNR/channels\1bf24fd2-3346-429c-8774-e86157f3af2f_processed_image_13.png
638,117,30,29255.94140625,13,./image_sets/Yuang-MDA-MB-231-Cells-HighSNR/channels\1bf24fd2-3346-429c-8774-e86157f3af2f_processed_image_13.png
639,119,30,29756.04296875,13,./image_sets/Yuang-MDA-MB-231-Cells-HighSNR/channels\1bf24fd2-3346-429c-8774-e86157f3af2f_processed_image_13.png
640,121,28,30256.14453125,13,./image_sets/Yuang-MDA-MB-231-Cells-HighSNR/channels\1bf24fd2-3346-429c-8774-e86157f3af2f_processed_image_13.png
641,124,29,31006.296875,13,./image_sets/Yuang-MDA-MB-231-Cells-HighSNR/channels\1bf24fd2-3346-429c-8774-e86157f3af2f_processed_image_13.png
642,126,32,31506.3984375,13,./image_sets/Yuang-MDA-MB-231-Cells-HighSNR/channels\1bf24fd2-3346-429c-8774-e86157f3af2f_processed_image_13.png
643,128,26,32006.5,13,./image_sets/Yuang-MDA-MB-231-Cells-HighSNR/channels\1bf24fd2-3346-429c-8774-e86157f3af2f_processed_image_13.png
644,130,29,32506.6015625,13,./image_sets/Yuang-MDA-MB-231-Cells-HighSNR/channels\1bf24fd2-3346-429c-8774-e86157f3af2f_processed_image_13.png
645,133,22,33256.75390625,13,./image_sets/Yuang-MDA-MB-231-Cells-HighSNR/channels\1bf24fd2-3346-429c-8774-e86157f3af2f_processed_image_13.png
646,135,16,33756.85546875,13,./image_sets/Yuang-MDA-MB-231-Cells-HighSNR/channels\1bf24fd2-3346-429c-8774-e86157f3af2f_processed_image_13.png
647,139,20,34757.05859375,13,./image_sets/Yuang-MDA-MB-231-Cells-HighSNR/channels\1bf24fd2-3346-429c-8774-e86157f3af2f_processed_image_13.png
648,141,18,35257.16015625,13,./image_sets/Yuang-MDA-MB-231-Cells-HighSNR/channels\1bf24fd2-3346-429c-8774-e86157f3af2f_processed_image_13.png
649,143,18,35757.26171875,13,./image_sets/Yuang-MDA-MB-231-Cells-HighSNR/channels\1bf24fd2-3346-429c-8774-e86157f3af2f_processed_image_13.png
650,150,15,37507.6171875,13,./image_sets/Yuang-MDA-MB-231-Cells-HighSNR/channels\1bf24fd2-3346-429c-8774-e86157f3af2f_processed_image_13.png
651,153,8,38257.76953125,13,./image_sets/Yuang-MDA-MB-231-Cells-HighSNR/channels\1bf24fd2-3346-429c-8774-e86157f3af2f_processed_image_13.png
652,156,9,39007.921875,13,./image_sets/Yuang-MDA-MB-231-Cells-HighSNR/channels\1bf24fd2-3346-429c-8774-e86157f3af2f_processed_image_13.png
653,158,6,39508.0234375,13,./image_sets/Yuang-MDA-MB-231-Cells-HighSNR/channels\1bf24fd2-3346-429c-8774-e86157f3af2f_processed_image_13.png
654,161,7,40258.17578125,13,./image_sets/Yuang-MDA-MB-231-Cells-HighSNR/channels\1bf24fd2-3346-429c-8774-e86157f3af2f_processed_image_13.png
655,166,2,41508.4296875,13,./image_sets/Yuang-MDA-MB-231-Cells-HighSNR/channels\1bf24fd2-3346-429c-8774-e86157f3af2f_processed_image_13.png
656,171,2,42758.68359375,13,./image_sets/Yuang-MDA-MB-231-Cells-HighSNR/channels\1bf24fd2-3346-429c-8774-e86157f3af2f_processed_image_13.png
657,176,2,44008.9375,13,./image_sets/Yuang-MDA-MB-231-Cells-HighSNR/channels\1bf24fd2-3346-429c-8774-e86157f3af2f_processed_image_13.png
658,186,2,46509.4453125,13,./image_sets/Yuang-MDA-MB-231-Cells-HighSNR/channels\1bf24fd2-3346-429c-8774-e86157f3af2f_processed_image_13.png
659,188,1,47009.546875,13,./image_sets/Yuang-MDA-MB-231-Cells-HighSNR/channels\1bf24fd2-3346-429c-8774-e86157f3af2f_processed_image_13.png
660,192,1,48009.75,13,./image_sets/Yuang-MDA-MB-231-Cells-HighSNR/channels\1bf24fd2-3346-429c-8774-e86157f3af2f_processed_image_13.png
661,205,2,51260.41015625,13,./image_sets/Yuang-MDA-MB-231-Cells-HighSNR/channels\1bf24fd2-3346-429c-8774-e86157f3af2f_processed_image_13.png
662,211,1,52760.71484375,13,./image_sets/Yuang-MDA-MB-231-Cells-HighSNR/channels\1bf24fd2-3346-429c-8774-e86157f3af2f_processed_image_13.png
663,213,1,53260.81640625,13,./image_sets/Yuang-MDA-MB-231-Cells-HighSNR/channels\1bf24fd2-3346-429c-8774-e86157f3af2f_processed_image_13.png
664,215,1,53760.91796875,13,./image_sets/Yuang-MDA-MB-231-Cells-HighSNR/channels\1bf24fd2-3346-429c-8774-e86157f3af2f_processed_image_13.png
665,217,1,54261.01953125,13,./image_sets/Yuang-MDA-MB-231-Cells-HighSNR/channels\1bf24fd2-3346-429c-8774-e86157f3af2f_processed_image_13.png
666,219,1,54761.12109375,13,./image_sets/Yuang-MDA-MB-231-Cells-HighSNR/channels\1bf24fd2-3346-429c-8774-e86157f3af2f_processed_image_13.png
667,223,1,55761.32421875,13,./image_sets/Yuang-MDA-MB-231-Cells-HighSNR/channels\1bf24fd2-3346-429c-8774-e86157f3af2f_processed_image_13.png
668,226,3,56511.4765625,13,./image_sets/Yuang-MDA-MB-231-Cells-HighSNR/channels\1bf24fd2-3346-429c-8774-e86157f3af2f_processed_image_13.png
669,228,1,57011.578125,13,./image_sets/Yuang-MDA-MB-231-Cells-HighSNR/channels\1bf24fd2-3346-429c-8774-e86157f3af2f_processed_image_13.png
670,232,2,58011.78125,13,./image_sets/Yuang-MDA-MB-231-Cells-HighSNR/channels\1bf24fd2-3346-429c-8774-e86157f3af2f_processed_image_13.png
671,244,3,61012.390625,13,./image_sets/Yuang-MDA-MB-231-Cells-HighSNR/channels\1bf24fd2-3346-429c-8774-e86157f3af2f_processed_image_13.png
672,247,5,61762.54296875,13,./image_sets/Yuang-MDA-MB-231-Cells-HighSNR/channels\1bf24fd2-3346-429c-8774-e86157f3af2f_processed_image_13.png
673,250,4,62512.6953125,13,./image_sets/Yuang-MDA-MB-231-Cells-HighSNR/channels\1bf24fd2-3346-429c-8774-e86157f3af2f_processed_image_13.png
674,252,4,63012.796875,13,./image_sets/Yuang-MDA-MB-231-Cells-HighSNR/channels\1bf24fd2-3346-429c-8774-e86157f3af2f_processed_image_13.png
675,30,1227958,4069.5703125,14,./image_sets/Yuang-MDA-MB-231-Cells-HighSNR/channels\1bf24fd2-3346-429c-8774-e86157f3af2f_processed_image_14.png
676,68,44,9224.359375,14,./image_sets/Yuang-MDA-MB-231-Cells-HighSNR/channels\1bf24fd2-3346-429c-8774-e86157f3af2f_processed_image_14.png
677,71,27,9631.31640625,14,./image_sets/Yuang-MDA-MB-231-Cells-HighSNR/channels\1bf24fd2-3346-429c-8774-e86157f3af2f_processed_image_14.png
678,74,24,10038.2734375,14,./image_sets/Yuang-MDA-MB-231-Cells-HighSNR/channels\1bf24fd2-3346-429c-8774-e86157f3af2f_processed_image_14.png
679,87,3,11801.75390625,14,./image_sets/Yuang-MDA-MB-231-Cells-HighSNR/channels\1bf24fd2-3346-429c-8774-e86157f3af2f_processed_image_14.png
680,90,3,12208.7109375,14,./image_sets/Yuang-MDA-MB-231-Cells-HighSNR/channels\1bf24fd2-3346-429c-8774-e86157f3af2f_processed_image_14.png
681,96,2,13022.625,14,./image_sets/Yuang-MDA-MB-231-Cells-HighSNR/channels\1bf24fd2-3346-429c-8774-e86157f3af2f_processed_image_14.png
682,98,1,13293.9296875,14,./image_sets/Yuang-MDA-MB-231-Cells-HighSNR/channels\1bf24fd2-3346-429c-8774-e86157f3af2f_processed_image_14.png
683,100,2,13565.234375,14,./image_sets/Yuang-MDA-MB-231-Cells-HighSNR/channels\1bf24fd2-3346-429c-8774-e86157f3af2f_processed_image_14.png
684,102,2,13836.5390625,14,./image_sets/Yuang-MDA-MB-231-Cells-HighSNR/channels\1bf24fd2-3346-429c-8774-e86157f3af2f_processed_image_14.png
685,107,3,14514.80078125,14,./image_sets/Yuang-MDA-MB-231-Cells-HighSNR/channels\1bf24fd2-3346-429c-8774-e86157f3af2f_processed_image_14.png
686,114,2,15464.3671875,14,./image_sets/Yuang-MDA-MB-231-Cells-HighSNR/channels\1bf24fd2-3346-429c-8774-e86157f3af2f_processed_image_14.png
687,119,1,16142.62890625,14,./image_sets/Yuang-MDA-MB-231-Cells-HighSNR/channels\1bf24fd2-3346-429c-8774-e86157f3af2f_processed_image_14.png
688,124,3,16820.890625,14,./image_sets/Yuang-MDA-MB-231-Cells-HighSNR/channels\1bf24fd2-3346-429c-8774-e86157f3af2f_processed_image_14.png
689,127,1,17227.84765625,14,./image_sets/Yuang-MDA-MB-231-Cells-HighSNR/channels\1bf24fd2-3346-429c-8774-e86157f3af2f_processed_image_14.png
690,134,1,18177.4140625,14,./image_sets/Yuang-MDA-MB-231-Cells-HighSNR/channels\1bf24fd2-3346-429c-8774-e86157f3af2f_processed_image_14.png
691,136,1,18448.71875,14,./image_sets/Yuang-MDA-MB-231-Cells-HighSNR/channels\1bf24fd2-3346-429c-8774-e86157f3af2f_processed_image_14.png
692,138,1,18720.0234375,14,./image_sets/Yuang-MDA-MB-231-Cells-HighSNR/channels\1bf24fd2-3346-429c-8774-e86157f3af2f_processed_image_14.png
693,152,1,20619.15625,14,./image_sets/Yuang-MDA-MB-231-Cells-HighSNR/channels\1bf24fd2-3346-429c-8774-e86157f3af2f_processed_image_14.png
694,154,1,20890.4609375,14,./image_sets/Yuang-MDA-MB-231-Cells-HighSNR/channels\1bf24fd2-3346-429c-8774-e86157f3af2f_processed_image_14.png
695,168,2,22789.59375,14,./image_sets/Yuang-MDA-MB-231-Cells-HighSNR/channels\1bf24fd2-3346-429c-8774-e86157f3af2f_processed_image_14.png
696,177,1,24010.46484375,14,./image_sets/Yuang-MDA-MB-231-Cells-HighSNR/channels\1bf24fd2-3346-429c-8774-e86157f3af2f_processed_image_14.png
697,179,1,24281.76953125,14,./image_sets/Yuang-MDA-MB-231-Cells-HighSNR/channels\1bf24fd2-3346-429c-8774-e86157f3af2f_processed_image_14.png
698,188,1,25502.640625,14,./image_sets/Yuang-MDA-MB-231-Cells-HighSNR/channels\1bf24fd2-3346-429c-8774-e86157f3af2f_processed_image_14.png
699,191,2,25909.59765625,14,./image_sets/Yuang-MDA-MB-231-Cells-HighSNR/channels\1bf24fd2-3346-429c-8774-e86157f3af2f_processed_image_14.png
700,195,1,26452.20703125,14,./image_sets/Yuang-MDA-MB-231-Cells-HighSNR/channels\1bf24fd2-3346-429c-8774-e86157f3af2f_processed_image_14.png
701,197,1,26723.51171875,14,./image_sets/Yuang-MDA-MB-231-Cells-HighSNR/channels\1bf24fd2-3346-429c-8774-e86157f3af2f_processed_image_14.png
702,205,1,27808.73046875,14,./image_sets/Yuang-MDA-MB-231-Cells-HighSNR/channels\1bf24fd2-3346-429c-8774-e86157f3af2f_processed_image_14.png
703,212,2,28758.296875,14,./image_sets/Yuang-MDA-MB-231-Cells-HighSNR/channels\1bf24fd2-3346-429c-8774-e86157f3af2f_processed_image_14.png
704,219,3,29707.86328125,14,./image_sets/Yuang-MDA-MB-231-Cells-HighSNR/channels\1bf24fd2-3346-429c-8774-e86157f3af2f_processed_image_14.png
705,223,2,30250.47265625,14,./image_sets/Yuang-MDA-MB-231-Cells-HighSNR/channels\1bf24fd2-3346-429c-8774-e86157f3af2f_processed_image_14.png
706,225,1,30521.77734375,14,./image_sets/Yuang-MDA-MB-231-Cells-HighSNR/channels\1bf24fd2-3346-429c-8774-e86157f3af2f_processed_image_14.png
707,228,1,30928.734375,14,./image_sets/Yuang-MDA-MB-231-Cells-HighSNR/channels\1bf24fd2-3346-429c-8774-e86157f3af2f_processed_image_14.png
708,232,2,31471.34375,14,./image_sets/Yuang-MDA-MB-231-Cells-HighSNR/channels\1bf24fd2-3346-429c-8774-e86157f3af2f_processed_image_14.png
709,236,2,32013.953125,14,./image_sets/Yuang-MDA-MB-231-Cells-HighSNR/channels\1bf24fd2-3346-429c-8774-e86157f3af2f_processed_image_14.png
710,240,1,32556.5625,14,./image_sets/Yuang-MDA-MB-231-Cells-HighSNR/channels\1bf24fd2-3346-429c-8774-e86157f3af2f_processed_image_14.png
711,242,2,32827.8671875,14,./image_sets/Yuang-MDA-MB-231-Cells-HighSNR/channels\1bf24fd2-3346-429c-8774-e86157f3af2f_processed_image_14.png
712,245,2,33234.82421875,14,./image_sets/Yuang-MDA-MB-231-Cells-HighSNR/channels\1bf24fd2-3346-429c-8774-e86157f3af2f_processed_image_14.png
